Stock,Name,Count,Volume,Cost,Yesterday,First,LastTradePrice,LastTradeChange,LastTradePercent,AvgPrice,AvgChange,AvgPercent,LowestPrice,HighestPrice,EPS,PE,BuyCount,BuyVolume,BuyPrice,SellCount,SellVolume,SellPrice
ثبهساز,بهساز كاشانه تهران,24444,663675822,2678263597386,4308,4180,4007,-301,-6.99,4035,-273,-6.34,4007,4190,789,5.11,1,15000,4000,4007,74489648,671
دي,بانك دي,23315,1049097215,1583805531703,1462,1470,1535,73,4.99,1510,48,3.28,1442,1535,-413,-3.66,1309,156833080,1535,1570,400144,5
پي پاد,پرداخت الكترونيك پاسارگاد,21363,30456801,585684283230,18320,19230,19230,910,4.97,19230,910,4.97,19230,19230,786,24.47,3218,103011819,19230,19230,10384,44
خپارس,پارس خودرو,20891,813292589,1683458010458,2126,2063,2084,-42,-1.98,2070,-56,-2.63,2063,2102,0,0,3,204939,2081,2081,1200000,12
وبملت,بانك ملت,18176,971327513,4419264140259,4302,4379,4603,301,7,4550,248,5.76,4317,4603,804,5.66,120,14140225,4603,4700,100000,1
خساپا,سايپا,16216,559171972,1950035471705,3470,3410,3518,48,1.38,3487,17,0.49,3361,3574,-296,-11.78,2,19798,3510,3510,140000,2
خگستر,گسترش‌سرمايه‌گذاري‌ايران‌خودرو,14667,288226948,1661025045960,5730,5620,5840,110,1.92,5760,30,0.52,5500,5950,40,144,8,174672,5830,5830,5192,1
غزر,صنعتي زر ماكارون,14193,166110971,718944817424,4281,4270,4388,107,2.5,4328,47,1.1,4206,4425,451,9.73,1,10000,4388,4389,474082,8
شپنا,پالايش نفت اصفهان,14163,182739893,1744973892550,9570,9550,9500,-70,-0.73,9550,-20,-0.21,9310,9720,1462,6.53,1,11068,9500,9500,8000,1
خودرو,ايران‌ خودرو,12932,375108439,1409195263609,3722,3660,3786,64,1.72,3757,35,0.94,3651,3849,-69,-54.45,1,200000,3786,3786,281086,2
خزاميا,زامياد,11910,206369300,1561187154730,7430,7350,7710,280,3.77,7570,140,1.88,7110,7800,381,19.87,5,398800,7690,7720,160025,7
شتران,پالايش نفت تهران,11733,209559575,1261896227850,5990,6010,6000,10,0.17,6020,30,0.5,5910,6130,1091,5.52,4,61000,6000,6020,77701,5
شستا,سرمايه گذاري تامين اجتماعي,10958,521885643,731178350560,1385,1378,1403,18,1.3,1401,16,1.16,1361,1417,126,11.12,1,400000,1403,1404,6676,1
گدنا,تهيه توزيع غذاي دنا آفرين فدك,10483,78720228,922047358950,11210,11100,11990,780,6.96,11710,500,4.46,11100,11990,321,36.48,213,2649010,11990,12380,1000,1
وكغدير,بين المللي توسعه ص. معادن غدير,10187,29722602,842114802440,27560,28300,28830,1270,4.61,28330,770,2.79,27570,28870,1731,16.37,4,3876,28800,28830,12592,2
كرمان,س. توسعه و عمران استان كرمان,9890,402829728,674555996873,1582,1628,1692,110,6.95,1675,93,5.88,1614,1692,3,558.33,476,45059833,1692,1700,10000,1
وتجارت,بانك تجارت,9606,530302228,1373224192484,2466,2490,2638,172,6.97,2590,124,5.03,2449,2638,206,12.57,8,2171030,2631,2658,26263,3
خاور,ايران خودرو ديزل,9548,241623518,1313053795090,5430,5390,5460,30,0.55,5430,0,0,5270,5520,0,0,4,298243,5450,5470,24569,1
شبندر,پالايش نفت بندرعباس,9383,78852011,1098142919840,13590,13740,13950,360,2.65,13930,340,2.5,13590,14190,2602,5.35,3,13000,13950,13960,204899,3
وبصادر,بانك صادرات ايران,8950,780640008,2297145154290,2811,2880,2951,140,4.98,2943,132,4.7,2812,2951,4,735.75,6,420454,2951,2951,400000,1
كدما,معدني‌ دماوند,8899,9385958,854268822000,95290,93010,90530,-4760,-5,91020,-4270,-4.48,90530,93990,59,1542.71,0,0,0,0,0,0
فملي,ملي‌ صنايع‌ مس‌ ايران‌,8176,80256469,635025218120,7940,7900,7900,-40,-0.5,7910,-30,-0.38,7870,7990,721,10.97,8,136636,7890,7900,764249,21
ذوب,ذوب آهن اصفهان,6592,150504691,669742143534,4484,4470,4410,-74,-1.65,4450,-34,-0.76,4400,4541,-468,-9.51,3,50877,4408,4408,4632,1
شبريز,پالايش نفت تبريز,6541,33006624,661527518370,20230,19990,19840,-390,-1.93,20040,-190,-0.94,19840,20500,2879,6.96,12,41062,19830,19860,9067,1
پترول,گ.س.وت.ص.پتروشيمي خليج فارس,6519,166090743,448585676783,2608,2615,2741,133,5.1,2701,93,3.57,2540,2748,122,22.14,4,189725,2740,2741,110000,2
خنصير,مهندسي‌نصيرماشين‌,5728,25820419,504969244900,19930,18900,20090,160,0.8,19560,-370,-1.86,18540,20200,232,84.31,2,150992,20090,20100,5339,2
حكشتي,كشتيراني جمهوري اسلامي ايران,5657,38818652,692391705820,17200,17350,17770,570,3.31,17840,640,3.72,17280,18060,1996,8.94,1,10000,17750,17770,14200,2
كي بي سي,شركت كي بي سي,5588,15238708,375961726450,25600,25700,24650,-950,-3.71,24650,-950,-3.71,24350,25700,2786,8.85,6,36757,24600,24750,48360,2
ثاميد,توسعه و عمران اميد,5557,183162309,514318848362,2683,2817,2817,134,4.99,2808,125,4.66,2720,2817,235,11.95,200,25315315,2817,2847,10864,2
كرازي,كارخانجات‌توليدي‌شيشه‌رازي‌,5519,287873016,595278719852,1997,2098,2034,37,1.85,2068,71,3.56,1999,2125,132,15.67,1,6666,2039,2040,170000,2
قثابت,قند ثابت‌ خراسان‌,5364,114124292,421721797639,3689,3571,3818,129,3.5,3695,6,0.16,3505,3850,-28,-131.96,3,37069,3815,3815,200000,1
انرژي,بورس انرژي ايران,5341,11097514,673047459180,60050,59610,61660,1610,2.68,60650,600,1,57500,62350,366,165.71,1,38063,61510,61660,76345,2
وساپا,سرمايه‌گذاري‌ سايپا,5244,72053144,596905442490,8230,8000,8350,120,1.46,8280,50,0.61,7910,8510,232,35.69,2,4802,8340,8370,50531,2
غنوش,نوش‌ مازندران‌,5101,29524127,379572057770,12660,12410,13040,380,3,12860,200,1.58,12070,13250,539,23.86,1,6369,13030,13050,69780,2
فرابورس,فرابورس ايران,4962,37750808,547305843500,14180,14120,14710,530,3.74,14500,320,2.26,13910,14990,257,56.42,2,81951,14710,14720,1343,2
ثعمرا,عمران و توسعه شاهد,4915,24178092,523479570000,21750,21050,21350,-400,-1.84,21650,-100,-0.46,20700,22700,998,21.69,1,7090,21250,21350,17720,1
امين,تامين سرمايه امين,4860,23814000,189444888970,7950,8100,7950,0,0,7960,10,0.13,7800,8150,429,18.55,1,90000,7950,7950,9434,1
ومعادن,توسعه‌معادن‌وفلزات‌,4809,67261120,427293649700,6380,6320,6390,10,0.16,6350,-30,-0.47,6300,6420,693,9.16,6,95783,6340,6400,349967,4
شاروم,پتروشيمي اروميه,4742,5728864,287887077100,49500,51000,49950,450,0.91,50250,750,1.52,49000,51300,1628,30.87,2,2490,49950,50000,9756,11
خمحركه,نيرو محركه‌,4616,50766467,534764921040,10200,10140,10910,710,6.96,10530,330,3.24,9730,10910,102,103.24,85,1449152,10910,11000,2000,1
شپديس,پتروشيمي پرديس,4546,2436940,439658028770,182250,182400,180000,-2250,-1.23,180410,-1840,-1.01,179500,183450,44454,4.06,5,5079,179990,180000,6673,1
اپال,فرآوري معدني اپال كاني پارس,4488,17810662,341113323950,19980,18990,19130,-850,-4.25,19150,-830,-4.15,18990,19660,550,34.82,1,100000,19160,19160,13716,7
خبهمن,گروه‌بهمن‌,4488,173227813,445224260804,2473,2470,2599,126,5.1,2570,97,3.92,2445,2636,52,49.42,1,10863,2599,2605,19559,2
هاي وب,داده گسترعصرنوين-هاي وب,4294,98868893,304124151202,3006,3050,3108,102,3.39,3076,70,2.33,3006,3146,682,4.51,1,7729,3108,3110,345089,7
كالا,بورس كالاي ايران,4256,16836843,430358063740,25540,24800,25660,120,0.47,25560,20,0.08,24800,25990,0,0,1,1165,25650,25690,2000,2
وگستر,گسترش سرمايه گذاري ايرانيان,4238,31065826,536254433870,17740,17500,16500,-1240,-6.99,17260,-480,-2.71,16500,18880,697,24.76,1,1090,14420,16500,30834,4
ختور,رادياتور ايران‌,4192,49585498,373815245440,7530,7510,7630,100,1.33,7540,10,0.13,7170,7810,386,19.53,1,20604,7630,7640,2667,1
فاذر,صنايع‌ آذرآب‌,4003,172041892,467821112931,2617,2630,2685,68,2.6,2719,102,3.9,2630,2747,-23,-118.22,1,5000,2688,2688,345573,1
ثفارس,عمران‌وتوسعه‌فارس‌,3984,20490997,640710361330,31160,32650,31180,20,0.06,31270,110,0.35,29900,32650,1680,18.61,1,8489,31160,31180,1000,1
ختوقا,قطعات‌ اتومبيل‌ ايران‌,3940,51672380,408475502330,7650,7750,8110,460,6.01,7910,260,3.4,7420,8140,322,24.57,2,60115,8100,8110,13029,1
وخارزم,سرمايه گذاري خوارزمي,3903,83430057,533699663750,6040,6230,6460,420,6.95,6400,360,5.96,6070,6460,1245,5.14,35,1369348,6460,6460,77400,1
بوعلي,پتروشيمي بوعلي سينا,3891,3609441,198721686630,55460,55680,54710,-750,-1.35,55060,-400,-0.72,54530,55990,4341,12.68,1,5000,54720,54720,10275,3
فباهنر,مس‌ شهيدباهنر,3821,42010140,243281766290,5820,5710,5810,-10,-0.17,5790,-30,-0.52,5700,5940,626,9.25,1,900,5790,5820,94896,11
بورس,بورس اوراق بهادار تهران,3697,31945837,265646827080,8240,8230,8350,110,1.33,8320,80,0.97,8000,8550,156,53.33,1,92714,8340,8380,19894,4
بركت,گروه دارويي بركت,3634,14702834,309437124100,20330,20780,21500,1170,5.76,21050,720,3.54,19870,21690,1996,10.55,3,15759,21130,21690,275,1
فنوال,نورد آلومينيوم‌,3624,38071590,657207778640,17250,17690,16930,-320,-1.86,17260,10,0.06,16510,18250,873,19.77,1,29737,16900,16990,3641,1
ولبهمن,شركت بهمن ليزينگ,3604,76922160,413552855810,5460,5450,5420,-40,-0.73,5380,-80,-1.47,5130,5620,664,8.1,3,4098,5400,5470,36364,1
شگويا,پتروشيمي تندگويان,3575,32576487,633072285890,18560,18840,19480,920,4.96,19430,870,4.69,18560,19480,1448,13.42,31,2489546,19480,19660,3000,1
لپارس,پارس‌ الكتريك‌,3550,2161642,310305369230,144410,138700,146000,1590,1.1,143550,-860,-0.6,137660,149990,978,146.78,1,100,145580,146000,644,2
وپارس,بانك‌پارسيان‌,3531,153255778,414825344757,2602,2601,2732,130,5,2707,105,4.04,2601,2732,-101,-26.8,2,279003,2732,2732,52533,1
بپيوند,برق و انرژي پيوندگستر پارس,3471,7734025,133903849830,16240,17000,17370,1130,6.96,17310,1070,6.59,16600,17370,581,29.79,8,34347,17370,17850,5000,1
دزهراوي,داروسازي‌زهراوي‌,3461,33638975,278055495480,8580,8160,8410,-170,-1.98,8270,-310,-3.61,8160,8440,89,92.92,1,1186,8400,8420,52333,3
قچار,فراوردههاي غذايي وقند چهارمحال,3386,25120624,267155307980,10330,10130,10700,370,3.58,10630,300,2.9,10000,10890,442,24.05,4,215784,10690,10700,700,1
اخابر,مخابرات ايران,3317,32670866,409648756160,12160,12090,12730,570,4.69,12540,380,3.13,11910,12820,-106,-118.3,1,42370,12740,12740,17600,2
سمگا,گروه سرمايه گذاري ميراث فرهنگي,3290,46220581,420977144920,8660,8460,9250,590,6.81,9110,450,5.2,8460,9260,1090,8.36,4,103939,9240,9250,157485,1
شيران,س. صنايع‌شيميايي‌ايران,3289,22882617,383796093720,16600,16010,17050,450,2.71,16770,170,1.02,16010,17100,1854,9.05,1,2000,17050,17060,300,1
حفارس,حمل و نقل بين المللي خليج فارس,3214,29610999,449732876830,14970,15420,14970,0,0,15190,220,1.47,14950,15710,38,399.74,3,15236,14970,14980,5000,1
دتوزيع,توزيع دارو پخش,3208,3657608,148582563650,40200,39800,40500,300,0.75,40600,400,1,39000,41700,4485,9.05,2,21397,40500,41350,2924,1
وكبهمن,مديريت سرمايه گذاري كوثربهمن,3199,16485810,73206499230,4303,4490,4426,123,2.86,4441,138,3.21,4269,4589,613,7.24,2,67100,4421,4440,2000,1
سيتا,سرمايه گذاري سيمان تامين,3196,6193794,101115550800,16170,15870,16520,350,2.16,16330,160,0.99,15870,16900,1458,11.2,1,8663,16520,16900,22181,21
فاسمين,كالسيمين‌,3180,33542263,265080074680,7970,7900,7880,-90,-1.13,7900,-70,-0.88,7810,8000,1146,6.89,1,12235,7880,7890,71545,2
انتخاب,گروه انتخاب الكترونيك آرمان,3143,9354350,317493539150,32000,32300,34150,2150,6.72,33950,1950,6.09,31650,34200,3407,9.96,2,1201,34100,34150,2287,1
خلنت,لنت‌ ترمزايران‌,3104,10759767,283400946060,25870,24580,27160,1290,4.99,26340,470,1.82,24580,27160,657,40.09,9,120692,27160,28500,6286,1
تايرا,تراكتورسازي‌ايران‌,3093,31035323,379233133660,11270,12200,12460,1190,10.56,12220,950,8.43,11810,12700,924,13.23,5,46914,12450,12460,1000,1
وگردش,بانك گردشگري,3078,60253073,646577466980,10480,10280,10790,310,2.96,10730,250,2.39,10280,10790,452,23.74,1,5083,10770,10790,92075,1
آبادا,توليد نيروي برق آبادان,3014,3273495,48783005450,14250,14500,14960,710,4.98,14900,650,4.56,14250,14960,10,1490,56,397103,14960,15110,48,1
گلديرا,صنايع گلديران,3002,53384248,369885730610,6670,6560,7000,330,4.95,6930,260,3.9,6410,7000,552,12.55,178,4645668,7000,7100,10288,1
تليسه,دامداري تليسه نمونه,2987,32443133,165574965970,5010,5000,5110,100,2,5100,90,1.8,4810,5210,252,20.24,1,1350,5120,5130,55066,1
صبا,سرمايه گذاري صبا تامين,2966,26454658,128444509664,4775,4801,4843,68,1.42,4855,80,1.68,4800,4894,611,7.95,3,30514,4840,4845,1603,1
اسياتك,انتقال داده هاي آسياتك,2902,14129143,158655457780,10940,11000,11380,440,4.02,11230,290,2.65,10720,11480,536,20.95,2,15000,11250,11380,292,1
خكرمان,سرمايه گذاري آرمان گستر پاريز,2894,67599580,471081906610,6790,6640,7120,330,4.86,6970,180,2.65,6630,7120,0,0,46,3919009,7120,7450,26100,1
وپاسار,بانك  پاسارگاد,2877,72833099,247026279321,3263,3280,3472,209,6.41,3392,129,3.95,3263,3484,721,4.7,1,2961,3472,3472,20000,1
ولپارس,ليزينگ پارسيان,2865,12032390,78234610820,6180,6610,6610,430,6.96,6500,320,5.18,6130,6610,216,30.09,1,2000,6600,6680,74,1
بترانس,ايران‌ ترانسفو,2850,66434911,214501893465,3088,3100,3276,188,6.09,3229,141,4.57,3100,3288,320,10.09,1,7738,3274,3275,6161,1
كگل,معدني و صنعتي گل گهر,2828,29964126,215576566390,7170,7270,7180,10,0.14,7190,20,0.28,7100,7270,360,19.97,2,2750,7180,7190,188053,4
فاراك,ماشين‌ سازي‌ اراك‌,2771,80450717,201094330580,2475,2450,2518,43,1.74,2500,25,1.01,2391,2560,115,21.74,1,15490,2505,2508,213167,1
غويتا,ويتانا,2761,41033644,359618991840,8230,8430,8800,570,6.93,8760,530,6.44,8240,8800,399,21.95,16,2180076,8800,8830,333,1
ورنا,سرمايه‌گذاري‌ رنا(هلدينگ‌,2716,41856612,346031676100,8210,8110,8390,180,2.19,8270,60,0.73,7940,8500,273,30.29,1,30000,8360,8400,202000,2
تپكو,توليدتجهيزات‌سنگين‌هپكو,2705,88233818,240843593889,2794,2724,2738,-56,-2,2730,-64,-2.29,2711,2791,13,210,1,49063,2738,2740,68730,4
غشهداب,كشت و صنعت شهداب ناب خراسان,2659,47438700,198646714366,3976,4070,4254,278,6.99,4187,211,5.31,4020,4254,194,21.58,24,3398114,4254,4340,3000,1
سپيدار,سپيدار سيستم آسيا,2657,1939875,133645008050,65400,64000,69900,4500,6.88,68900,3500,5.35,64000,69900,3107,22.18,3,6178,69850,69900,917,5
غسالم,سالمين‌,2647,22455059,153001378600,6900,6800,6850,-50,-0.72,6810,-90,-1.3,6500,6990,651,10.46,1,2009,6850,6860,196652,3
دكوثر,داروسازي‌ كوثر,2634,21967756,308319092610,13260,13720,13800,540,4.07,14040,780,5.88,13550,14180,957,14.67,5,117358,13710,13710,49000,1
ثپرديس,سرمايه گذاري مسكن پرديس,2619,32407774,473678829500,14300,14270,14110,-190,-1.33,14620,320,2.24,13400,15190,930,15.72,1,5000,14260,14260,13964,1
وغدير,سرمايه‌گذاري‌غدير(هلدينگ‌,2606,29205652,705227721070,23850,24100,24600,750,3.14,24150,300,1.26,23850,24700,3043,7.94,1,100000,24420,24660,10250,2
سبزوا,سيمان لار سبزوار,2599,26707975,165670174460,6250,6060,6300,50,0.8,6200,-50,-0.8,5890,6390,129,48.06,1,5000,6310,6310,3300,1
فارس,صنايع پتروشيمي خليج فارس,2502,22834043,305949944370,13440,13440,13600,160,1.19,13400,-40,-0.3,13300,13620,1360,9.85,1,508,13500,13600,38414,6
بگيلان,توسعه مسير برق گيلان,2418,2754495,53789361430,19030,19500,19380,350,1.84,19530,500,2.63,19120,19920,824,23.7,2,11504,19370,19390,296,6
رتاپ,تجارت الكترونيك  پارسيان,2399,29064573,152134927450,5360,5200,5250,-110,-2.05,5230,-130,-2.43,4990,5400,245,21.35,1,19086,5220,5310,50438,4
غديس,پاكديس,2366,9437576,166932657370,17450,17550,17750,300,1.72,17690,240,1.38,16900,18050,1466,12.07,1,500,17790,17890,70187,1
شاوان,پالايش نفت لاوان,2335,10579556,331365284250,30200,30800,30500,300,0.99,31300,1100,3.64,30500,31700,5246,5.97,1,30000,30400,31100,46976,3
نوري,پتروشيمي نوري,2310,1275769,193916942180,152280,153000,150740,-1540,-1.01,152000,-280,-0.18,150710,154450,12453,12.21,2,22943,150730,151000,70,1
فسازان,غلتك سازان سپاهان,2297,39054618,325806217770,8020,8040,8270,250,3.12,8340,320,3.99,8040,8420,754,11.06,1,3880,8230,8300,29465,3
ولساپا,ليزينگ رايان‌ سايپا,2293,83403821,182566221008,2081,2070,2226,145,6.97,2189,108,5.19,2050,2226,201,10.89,17,533820,2226,2248,2262,1
غگل,گلوكوزان‌,2276,27137695,130917271967,4675,4680,4890,215,4.6,4824,149,3.19,4529,4990,403,11.97,7,79460,4890,4891,71968,2
ثجنوب,سرمايه گذاري مسكن جنوب,2274,53883479,771143710120,13760,14400,14440,680,4.94,14310,550,4,14040,14440,1359,10.53,98,3766229,14440,14980,20000,1
فزر,پويا زركان آق دره,2255,5601693,250586656150,44850,44400,45050,200,0.45,44750,-100,-0.22,43000,45700,3338,13.41,6,5091,45000,45050,500,2
حآفرين,ريل پرداز نو آفرين,2250,40952865,169375754808,3991,4040,4154,163,4.08,4136,145,3.63,4034,4179,360,11.49,3,153562,4154,4155,131053,3
رافزا,رايان هم افزا,2247,1310039,75203921500,58100,56100,57000,-1100,-1.89,57400,-700,-1.2,56100,59100,1815,31.63,1,1748,57000,57000,10,1
فخوز,فولاد  خوزستان,2227,45018437,207294811411,4546,4450,4576,30,0.66,4605,59,1.3,4450,4700,309,14.9,1,5558,4571,4576,146170,3
كيسون,شركت كيسون,2226,131293348,301842899934,2239,2269,2306,67,2.99,2299,60,2.68,2191,2306,172,13.37,184,33310773,2306,2339,200000,1
وتوشه,سرمايه‌ گذاري‌ پارس‌ توشه‌,2201,26343198,226938845260,8600,8550,8640,40,0.47,8610,10,0.12,8330,8950,813,10.59,1,1141,8640,8680,4000,1
ديران,ايران‌دارو,2173,12253306,196016044980,15360,15390,16120,760,4.95,16000,640,4.17,15210,16120,634,25.24,32,323030,16120,16120,200000,2
آريا,پليمر آريا ساسول,2159,1081109,102603651150,94700,93400,95000,300,0.32,94900,200,0.21,93050,95700,8018,11.84,12,5490,94850,95000,906,2
خاذين,سايپاآذين‌,2156,50325840,199311514640,3863,3920,3964,101,2.61,3960,97,2.51,3879,4040,2,1980,1,14635,3964,3972,203166,3
فولاي,صنايع فولاد آلياژي يزد,2140,32124086,267425856930,7850,8190,8390,540,6.88,8320,470,5.99,7850,8390,430,19.35,17,347884,8390,8920,15020,2
خاهن,آهنگري‌ تراكتورسازي‌ ايران‌,2137,23725620,147906324940,6140,6140,6300,160,2.61,6230,90,1.47,5990,6400,372,16.75,1,8021,6300,6310,4246,1
سآبيك,سيمان آبيك,2082,4658011,97757374190,20810,21530,20990,180,0.86,20990,180,0.86,20300,21780,2495,8.41,1,2000,20940,21000,5769,2
وساخت,سرمايه‌ گذاري‌ ساختمان‌ايران‌,2078,64265303,155728416711,2369,2320,2410,41,1.73,2423,54,2.28,2320,2487,72,33.65,1,5000,2400,2410,34290,1
كسرا,سراميك‌هاي‌صنعتي‌اردكان‌,2039,19449361,162464995200,8020,7920,8450,430,5.36,8350,330,4.11,7920,8530,444,18.81,1,107866,8440,8450,98000,1
كچاد,معدني‌وصنعتي‌چادرملو,2037,11823275,87974354910,7470,7380,7460,-10,-0.13,7450,-20,-0.27,7320,7510,753,9.89,1,5000,7460,7460,38403,6
بجهرم,توسعه مولد نيروگاهي جهرم,2034,37450094,126805814695,3302,3300,3385,83,2.51,3386,84,2.54,3270,3446,112,30.23,3,11911,3380,3385,1493,1
فتوسا,توليد و توسعه سرب روي ايرانيان,2031,7673977,65315466730,8330,8280,8610,280,3.36,8510,180,2.16,8280,8780,604,14.09,2,12926,8580,8650,20826,2
ولشرق,ليزينگ ايران و شرق,2027,23591577,213501869910,9140,9000,8720,-420,-4.6,9050,-90,-0.98,8600,9560,114,79.39,2,23450,8710,8730,1870,1
كزغال,زغال سنگ پروده طبس,2021,2843845,84818388500,29750,29850,30200,450,1.51,29850,100,0.34,29050,30850,2647,11.28,3,9337,30200,30250,25,1
همراه,شركت ارتباطات سيار ايران,1992,26609353,172282265120,6400,6250,6540,140,2.19,6470,70,1.09,6250,6550,694,9.32,1,2000,6530,6540,1706,2
دبالك,مواد اوليه دارويي البرز بالك,1992,15776806,205305603690,12180,12980,13030,850,6.98,13010,830,6.81,12700,13030,970,13.41,59,583589,13030,13240,700,1
چكاپا,گروه صنايع كاغذ پارس,1979,30302509,129301963253,4288,4290,4324,36,0.84,4267,-21,-0.49,4121,4349,305,13.99,2,110000,4290,4330,2294,1
شفارس,صنايع‌ شيميايي‌ فارس‌,1971,59655405,124955486015,2051,2044,2121,70,3.41,2095,44,2.15,2000,2180,24,87.29,1,4086,2117,2125,52500,2
دانا,بيمه دانا,1970,36937009,149764610053,3942,3943,4070,128,3.25,4055,113,2.87,3861,4130,1894,2.14,1,2000,4067,4090,136286,2
حفاري,حفاري شمال,1932,29677328,193278541090,6440,6400,6440,0,0,6510,70,1.09,6390,6650,524,12.42,1,460,6440,6490,34678,2
اردستان,سيمان اردستان,1932,3455804,89866031290,25880,25410,26140,260,1,26000,120,0.46,25410,26310,3017,8.62,1,7671,26110,26140,45570,2
پرديس,سرمايه گذاري پرديس,1930,37969736,284806561010,7150,7300,7490,340,4.76,7500,350,4.9,7150,7650,958,7.83,3,69681,7450,7550,800,1
دتوليد,داروسازي توليد دارو,1921,9547248,185748590390,18520,18840,19810,1290,6.97,19460,940,5.08,18030,19810,335,58.09,22,186520,19810,20100,555,1
ولكار,ليزينگ كارآفرين,1908,8544826,76592573270,8890,8800,9000,110,1.24,8960,70,0.79,8760,9110,322,27.83,4,24104,8980,9030,10503,1
دشيمي,شيمي‌ داروئي‌ داروپخش‌,1875,12920542,372617768820,30100,28600,28800,-1300,-4.32,28840,-1260,-4.19,28600,29460,3207,8.99,1,200,28710,29040,377,1
فجهان,مجتمع جهان فولاد سيرجان,1867,10307109,52321191900,5030,4920,5110,80,1.59,5050,20,0.4,4920,5190,301,16.78,1,1000,5100,5110,3433,2
شپلي,پلي اكريل ايران,1867,21530755,285180755950,13360,12960,13250,-110,-0.82,13250,-110,-0.82,12960,13700,1192,11.12,3,17740,13230,13240,10000,1
بهپاك,صنعتي بهپاك,1865,19697505,126288922590,6360,6310,6550,190,2.99,6410,50,0.79,6050,6650,553,11.59,1,1500,6550,6590,15918,2
فگستر,گسترش صنايع روي ايرانيان,1854,10897041,80054172850,7130,7200,7420,290,4.07,7350,220,3.09,7030,7490,693,10.61,3,28036,7390,7440,20834,5
كلر,كلر پارس,1850,4018844,304443522550,71550,72200,76500,4950,6.92,75750,4200,5.87,71000,76550,5446,13.91,2,975,76450,76500,1607,2
سامان,بانك سامان,1832,76027426,267866928016,3466,3510,3569,103,2.97,3523,57,1.64,3468,3569,802,4.39,31,1294239,3569,3593,18793,1
كوير,توليدي فولاد سپيد فراب كوير,1830,32756283,124754994142,3761,3790,3836,75,1.99,3809,48,1.28,3702,3860,284,13.41,1,47500,3820,3836,18576,1
زكوثر,سرمايه گذاري كشاورزي كوثر,1805,11905786,315187770110,24870,26000,26610,1740,7,26470,1600,6.43,24900,26610,1770,14.95,8,194129,26610,26610,200,1
تاصيكو,سرمايه گذاري صدرتامين,1792,18941010,182238234900,9750,9720,9690,-60,-0.62,9620,-130,-1.33,9310,9790,909,10.58,3,200499,9680,9690,42738,1
سپيد,سپيد ماكيان,1775,5338592,147913352160,26830,26300,28100,1270,4.73,27710,880,3.28,26300,28490,2819,9.83,2,1139,27960,28100,168885,3
فلوله,لوله‌وماشين‌سازي‌ايران‌,1760,46902451,176510538608,3668,3715,3851,183,4.99,3763,95,2.59,3515,3851,300,12.54,68,10079668,3851,4000,3000,1
خكاوه,سايپا ديزل,1738,26691976,871734236950,32750,31800,33700,950,2.9,32650,-100,-0.31,31800,33700,136,240.07,11,700255,33700,35400,1600,1
فسرب,ملي‌ سرب‌وروي‌ ايران‌,1734,39568193,113200204422,2813,2837,2890,77,2.74,2861,48,1.71,2725,2919,58,49.33,1,2000,2881,2890,70024,1
كفپارس,فرآورده‌هاي‌ نسوز پارس‌,1714,19181220,131501741120,6460,6750,6910,450,6.97,6860,400,6.19,6560,6910,270,25.41,2,10863,6890,6910,158406,1
غبشهر,صنعتي‌ بهشهر,1705,48568579,199161447799,3997,4010,4104,107,2.68,4101,104,2.6,4001,4148,518,7.92,1,35000,4102,4103,83321,1
شلرد,كود شيميايي اوره لردگان,1693,18295054,203023529700,11130,10900,11180,50,0.45,11100,-30,-0.27,10900,11310,290,38.28,1,4089,11130,11190,200000,1
لكما,كارخانجات‌مخابراتي‌ايران‌,1690,84522758,136273595614,1657,1608,1608,-49,-2.96,1612,-45,-2.72,1608,1650,-68,-23.71,0,0,0,1612,20816,1
ثغرب,شركت سرمايه گذاري مسكن شمالغرب,1676,10769421,116220760080,10740,10430,11020,280,2.61,10790,50,0.47,10000,11160,1198,9.01,2,15000,11000,11050,28500,1
ثمسكن,سرمايه‌گذاري‌ مسكن‌,1656,42029593,308555638440,6940,6940,7420,480,6.92,7340,400,5.76,6810,7420,783,9.37,139,17078854,7420,8030,1000,1
پكوير,كوير تاير,1655,16423310,110106188920,6780,6890,6780,0,0,6700,-80,-1.18,6440,6890,334,20.06,2,101215,6780,6790,8000,1
فسبزوار,پارس فولاد سبزوار,1655,4710682,161130810580,33750,33100,34020,270,0.8,34210,460,1.36,32750,34700,4264,8.02,1,152,34010,34020,766,3
شيراز,پتروشيمي‌شيراز,1642,3908519,140911163280,35950,35950,35970,20,0.06,36050,100,0.28,35500,36440,8127,4.44,1,141,35940,35970,2548,1
فسوژ,سوژميران,1636,17040963,397859961200,21850,23350,23350,1500,6.86,23350,1500,6.86,22750,23350,2807,8.32,99,1249610,23350,24300,222,1
غدشت,دشت‌ مرغاب‌,1628,2899117,99775535520,33770,34000,34600,830,2.46,34420,650,1.92,33170,35200,409,84.16,1,1613,34590,34660,4054,5
خزر,فنرسازي‌زر,1626,22143963,135071437180,5930,5880,6200,270,4.55,6100,170,2.87,5590,6250,356,17.13,3,36234,6190,6200,3000,1
دامين,داروسازي‌ امين‌,1624,16933871,99236908000,5820,6000,5870,50,0.86,5860,40,0.69,5660,6000,478,12.26,2,97384,5870,5880,8671,4
آپ,آسان پرداخت پرشين,1623,13078151,129551687120,9840,9550,10020,180,1.83,9910,70,0.71,9500,10300,185,53.57,1,1954,10020,10030,21317,2
دماوند,توليد نيروي برق دماوند,1618,6254208,157654835650,24250,24400,25450,1200,4.95,25200,950,3.92,23900,25450,1034,24.37,1,5000,25450,25500,300,1
زملارد,كشاورزي و دامپروري ملارد شير,1617,19346090,328108151760,16160,16960,16960,800,4.95,16960,800,4.95,16660,16960,327,51.87,131,9613115,16960,0,0,0
ستران,سيمان‌ تهران‌,1616,3352213,194706879240,54900,56980,57990,3090,5.63,58080,3180,5.79,55650,58740,4960,11.71,1,200,57550,58000,25846,10
زشگزا,شير و گوشت زاگرس شهركرد,1605,13918423,158365610970,10820,10660,11570,750,6.93,11380,560,5.18,10660,11570,782,14.55,15,110290,11570,0,0,0
غاذر,كشت‌وصنعت‌پياذر,1576,2337374,106902145830,44990,44990,45700,710,1.58,45740,750,1.67,43880,46460,1986,23.03,1,1201,44990,45700,250,1
ثالوند,سرمايه گذاري مسكن الوند,1574,6726735,93115089540,13420,13690,14100,680,5.07,13840,420,3.13,13100,14300,902,15.34,1,497,14100,14150,3000,1
آسيا,بيمه آسيا,1558,50869942,140332756575,2754,2770,2803,49,1.78,2759,5,0.18,2659,2820,196,14.08,1,100000,2802,2812,215370,2
لوتوس,تامين سرمايه لوتوس پارسيان,1558,6526216,28712109787,4580,4500,4390,-190,-4.15,4496,-84,-1.83,4300,4500,500,8.99,2,2121,4384,4390,205790,3
زبينا,كشاورزي و دامپروري بينالود,1549,17779551,81131763466,4555,4579,4595,40,0.88,4563,8,0.18,4352,4670,402,11.35,1,152869,4589,4600,8773,1
خشرق,الكتريك‌ خودرو شرق‌,1544,8178708,130079235330,15540,15500,16290,750,4.83,15900,360,2.32,15370,16300,1329,11.96,1,1500,16230,16300,310,1
وآذر,سرمايه‌گذاري‌توسعه‌آذربايجان‌,1539,17210726,210296496680,11700,11800,12280,580,4.96,12220,520,4.44,11320,12280,0,0,108,1819313,12280,12330,6100,1
كسرام,پارس‌ سرام‌,1533,14247532,143905191380,10410,9940,10010,-400,-3.84,10100,-310,-2.98,9890,10690,130,77.69,1,6130,10010,10040,65166,2
خمهر,مهركام‌پارس‌,1526,59709052,214306015255,3435,3434,3606,171,4.98,3589,154,4.48,3370,3606,48,74.77,38,1536701,3606,3689,6180,1
پدرخش,درخشان‌ تهران‌,1503,8232320,96720577440,11290,11010,11850,560,4.96,11750,460,4.07,11010,11850,514,22.86,6,36615,11850,11860,50000,1
توسن,توسعه سامانه ي نرم افزاري نگين,1491,12088397,231376712990,18890,19100,19150,260,1.38,19140,250,1.32,18510,19480,957,20,1,280,19140,19400,57739,2
غدام,خوراك‌  دام‌ پارس‌,1488,1603220,99923834350,60040,59990,62330,2290,3.81,62330,2290,3.81,59010,63040,443,140.7,1,1000,62330,62330,5506,1
شاراك,پتروشيمي شازند,1476,3387381,158833269310,46690,47000,47000,310,0.66,46890,200,0.43,45900,47750,3926,11.94,1,529,46930,47100,5494,3
تاپكيش,تجارت الكترونيك پارسيان كيش,1473,20148553,304899992340,14150,15100,15140,990,7,15130,980,6.93,15000,15140,194,77.99,4,59001,15140,15370,185500,2
قلرست,قند لرستان‌,1469,17246363,147893054030,9020,8570,8570,-450,-4.99,8580,-440,-4.88,8570,8770,465,18.45,0,0,0,8570,9,1
ددانا,داروسازي دانا,1468,1176979,57563871700,48450,47950,49550,1100,2.27,48900,450,0.93,47500,49950,4949,9.88,1,201,49500,49700,2337,1
اپرداز,آتيه داده پرداز,1465,17412972,119991574320,6600,6630,6930,330,5,6890,290,4.39,6630,6930,176,39.15,46,1117353,6930,7040,11441,3
ختراك,ريخته‌گري‌ تراكتورسازي‌ ايران‌,1465,11916189,229149869590,18500,18700,19420,920,4.97,19230,730,3.95,18010,19420,1639,11.73,58,5088327,19420,0,0,0
آ س پ,آ.س.پ,1462,5989417,73477004490,12600,12690,12200,-400,-3.17,12270,-330,-2.62,11900,12700,48,255.63,4,9017,12190,12200,49366,1
زفكا,كشت و دامداري فكا,1448,12547476,232806489440,17550,17400,18770,1220,6.95,18550,1000,5.7,17210,18770,1547,11.99,1,500,18770,0,0,0
چكارن,كارتن‌ ايران‌,1427,14997879,100544280230,6760,6510,6780,20,0.3,6700,-60,-0.89,6460,6950,144,46.53,2,4000,6750,6780,33550,4
وبانك,سرمايه گذاري گروه توسعه ملي,1426,11439366,147845161550,12570,12740,13030,460,3.66,12920,350,2.78,12510,13330,2066,6.25,1,48274,13030,13040,7699,1
خوساز,محورسازان‌ايران‌خودرو,1424,2969959,108532539630,36030,34550,36510,480,1.33,36540,510,1.42,34240,37830,368,99.29,1,48200,36510,36700,850,1
شبهرن,نفت‌ بهران‌,1416,2656975,73582894250,27890,28000,27600,-290,-1.04,27750,-140,-0.5,27000,28600,2934,9.46,2,4300,27590,27660,1000,1
وسينا,بانك سينا,1409,93575838,426679819908,4310,4251,4611,301,6.98,4560,250,5.8,4251,4611,226,20.18,139,41920726,4611,5130,112739,1
بنو,بيمه تجارت نو,1407,15787932,92559217700,5660,5560,5940,280,4.95,5860,200,3.53,5520,5940,48,122.08,30,384546,5940,6080,1000,1
فزرين,زرين معدن آسيا,1405,23651673,165429542020,6900,7040,7060,160,2.32,6990,90,1.3,6740,7190,622,11.24,1,1000,7040,7060,29978,1
كوثر,بيمه كوثر,1404,44273736,175013634741,3798,3786,3987,189,4.98,3953,155,4.08,3744,3987,734,5.39,628,95701335,3987,4141,21861,1
واحصا,احياء صنايع خراسان,1389,4157856,165751452700,38900,40050,40050,1150,2.96,39850,950,2.44,38000,40050,515,77.38,1,3343,39900,40050,57522,23
زنجان,صنايع كشاورزي وكود زنجان,1387,35560280,105513911847,2980,2891,3069,89,2.99,2967,-13,-0.44,2891,3069,-14,-211.93,22,751553,3069,3164,1800,1
غدانه,پنبه و دانه هاي روغني خراسان,1387,3880677,130117284500,32300,32100,33500,1200,3.72,33550,1250,3.87,32100,33900,3273,10.25,3,4421,33450,33500,64791,2
مديريت,س. و خدمات مديريت صند. ب كشوري,1384,5654089,23079870672,3998,4111,4101,103,2.58,4082,84,2.1,3950,4194,812,5.03,1,1480,4100,4110,22615,1
خودكفا,اقتصادي و خودكفايي آزادگان,1384,23523894,265060243650,11030,10810,11360,330,2.99,11270,240,2.18,10700,11360,185,60.92,3,52468,11330,11360,793126,8
تملت,تامين سرمايه بانك ملت,1372,16714450,49566615507,2907,2840,3000,93,3.2,2965,58,2,2837,3030,236,12.56,1,10000,2983,3000,364226,6
شفن,پتروشيمي فناوران,1366,11769941,99226688810,8390,8390,8430,40,0.48,8430,40,0.48,8250,8590,226,37.3,1,3748,8420,8450,119327,3
كماسه,تامين‌ ماسه‌ ريخته‌گري‌,1363,20521039,255407092450,11660,12390,12470,810,6.95,12450,790,6.78,12050,12470,494,25.2,169,3736128,12470,12720,1200,1
سفارس,سيمان فارس و خوزستان,1355,3848848,130642562670,33970,34000,34500,530,1.56,33940,-30,-0.09,33000,35110,4092,8.29,2,131416,34500,34510,4354,1
وپست,پست بانك ايران,1338,29135255,269002333360,8890,8920,9330,440,4.95,9230,340,3.82,8810,9330,1475,6.26,3,197554,9330,9500,10000,1
قرن,پديده شيمي قرن,1329,7844008,121786166260,14910,15150,15950,1040,6.98,15530,620,4.16,15070,15950,1652,9.4,4,5259,15900,15950,241476,83
خرينگ,رينگ‌سازي‌مشهد,1311,2334442,94680571620,39880,39990,40900,1020,2.56,40560,680,1.71,39020,41530,2191,18.51,3,1884,40700,40900,19221,1
قاسم,قاسم ايران,1303,11652003,126144893460,10730,10760,11070,340,3.17,10830,100,0.93,10350,11190,1033,10.48,2,232223,11030,11070,164357,1
وتوس,توسعه‌شهري‌توس‌گستر,1302,6222039,145457423790,23590,22400,23340,-250,-1.06,23380,-210,-0.89,22400,24270,819,28.55,4,339716,23340,23410,400,1
واتي,سرمايه‌ گذاري‌ آتيه‌ دماوند,1302,26351246,540183325620,19190,19020,20530,1340,6.98,20500,1310,6.83,19020,20530,2681,7.65,136,7791236,20530,20760,1111,1
شپاكسا,پاكسان‌,1298,43844227,171026879469,3776,3850,3919,143,3.79,3901,125,3.31,3750,3965,-198,-19.7,3,172513,3904,3930,100000,1
وهامون,سرمايه گذاري هامون صبا,1290,10479311,36820883940,3454,3450,3525,71,2.06,3514,60,1.74,3390,3598,687,5.11,1,1500,3520,3525,120167,2
شپترو,پتروشيمي آبادان,1287,45615931,129195814401,2811,2760,2888,77,2.74,2832,21,0.75,2732,2890,-682,-4.15,1,50000,2880,2888,242389,2
شراز,پالايش نفت شيراز,1281,7346963,147167495340,19890,19550,20000,110,0.55,20030,140,0.7,19550,20750,3312,6.05,1,524,19950,20000,36172,1
چدن,توليدي چدن سازان,1280,48099083,163876768861,3225,3220,3450,225,6.98,3407,182,5.64,3130,3450,186,18.32,230,22958321,3450,3520,3000,1
زكشت,كشاورزي مكانيزه اصفهان كشت,1279,4560364,94401046750,20200,19900,20900,700,3.47,20700,500,2.48,19650,21400,1265,16.36,2,7080,20850,21000,38779,4
وكار,بانك‌ كارآفرين‌,1274,26161924,79963589594,2989,2972,3119,130,4.35,3056,67,2.24,2942,3120,286,10.69,1,10000,3116,3120,153406,3
كرماشا,صنايع پتروشيمي كرمانشاه,1266,1380437,109266145540,79600,78280,79490,-110,-0.14,79150,-450,-0.57,77680,80100,13199,6,1,3750,79250,79670,64,1
ونوين,بانك‌اقتصادنوين‌,1252,34890219,160546564042,4497,4497,4612,115,2.56,4601,104,2.31,4393,4700,661,6.96,1,50000,4604,4695,25000,1
ونيرو,سرمايه‌گذاري‌نيرو,1243,27703958,97162735171,3339,3260,3569,230,6.89,3507,168,5.03,3260,3572,24,146.13,1,15000,3515,3570,39225,1
زاگرس,پتروشيمي زاگرس,1239,1029879,190341090850,185500,185500,184550,-950,-0.51,184800,-700,-0.38,182000,187000,8761,21.09,1,200,185000,185000,1673,1
زقيام,كشت و دام قيام اصفهان,1234,22731664,72745541582,3141,3190,3200,59,1.88,3200,59,1.88,3100,3251,288,11.11,1,60284,3197,3220,7796,2
كمنگنز,معادن‌منگنزايران‌,1231,4577440,96014979130,20330,20500,21100,770,3.79,20980,650,3.2,20020,21700,1230,17.06,1,1960,21100,21460,2330,1
كپارس,كاشي‌ پارس‌,1230,6194616,75424572800,12130,12250,12070,-60,-0.49,12180,50,0.41,12000,12400,1970,6.18,0,0,0,0,0,0
بالاس,مهندسي ساختمان تاسيسات راه آهن,1226,1977495,82906534850,42200,42200,42300,100,0.24,41950,-250,-0.59,40100,42900,349,120.2,1,1842,42150,42500,1125,2
فروي,ذوب روي اصفهان,1220,6678195,75078675720,11060,10720,11380,320,2.89,11240,180,1.63,10720,11560,960,11.71,1,5000,11300,11380,40171,1
لطيف,محصولات كاغذي لطيف,1212,571685,49263903450,84100,86800,87400,3300,3.92,86150,2050,2.44,84000,88500,8882,9.7,2,460,86950,87400,6234,1
شاملا,معدني‌ املاح‌  ايران‌,1209,8524688,179170829040,20140,20100,21140,1000,4.97,21020,880,4.37,19990,21140,1419,14.81,0,0,0,0,0,0
قنيشا,قند  نيشابور,1196,17028989,59649836315,3492,3450,3530,38,1.09,3503,11,0.32,3330,3570,-4,-875.75,2,17167,3518,3558,18279,1
وتوصا,گروه س توسعه صنعتي ايران,1192,6404896,83548531600,13000,12930,13000,0,0,13040,40,0.31,12500,13300,844,15.45,4,9313,12990,13010,7240,1
ونفت,سرمايه‌گذاري‌ صنعت‌ نفت‌,1190,23761732,153290830630,6050,6400,6470,420,6.94,6450,400,6.61,6160,6470,506,12.75,74,5084507,6470,6560,1000,1
فروژ,صنايع فروآلياژ ايران,1187,826500,51048143750,60150,60300,62400,2250,3.74,61750,1600,2.66,59550,62900,7325,8.43,1,479,62400,62450,18263,8
رنيك,جنرال مكانيك,1185,6462634,93365785170,14550,14000,14400,-150,-1.03,14450,-100,-0.69,14000,14650,1187,12.17,1,30000,14310,14420,18491,1
خديزل,بهمن  ديزل,1180,25725325,302380273350,11280,11350,11840,560,4.96,11750,470,4.17,11230,11840,1039,11.31,71,5409617,11840,11980,44526,2
وتعاون,بيمه تعاون,1169,26344992,53899209144,2014,1935,2114,100,4.97,2046,32,1.59,1935,2114,98,20.88,2,103117,2114,2160,35000,1
وبيمه,سرمايه‌ گذاري‌ صنعت‌ بيمه‌,1167,20944097,40375846752,1860,1820,1934,74,3.98,1928,68,3.66,1820,1986,96,20.08,1,100000,1932,1967,4062,1
حآسا,آسيا سير ارس,1154,7074210,94804805660,12780,12550,13670,890,6.96,13400,620,4.85,12450,13670,318,42.14,1,24177,13670,13720,832,1
وبهمن,سرمايه‌گذاري‌بهمن‌,1152,17168105,89382264003,4935,5170,5280,345,6.99,5206,271,5.49,4900,5280,838,6.21,34,663862,5280,5570,98000,2
ودي,بيمه  دي,1146,22998915,158636517720,6500,6400,6820,320,4.92,6900,400,6.15,6400,6950,363,19.01,2,17000,6820,6850,5000,1
كمرجان,بازرگاني و توليدي مرجان كار,1134,6257159,71060843760,11080,11700,11350,270,2.44,11360,280,2.53,11100,11780,298,38.12,3,4092,11230,11390,500,1
وليز,ليزينگ ايران,1133,31952461,71607348973,2299,2297,2240,-59,-2.57,2241,-58,-2.52,2231,2297,0,0,1,36353,2240,2242,2242,1
پارس,پتروشيمي پارس,1112,21796967,74070024116,3394,3340,3427,33,0.97,3397,3,0.09,3333,3444,313,10.85,1,15237,3410,3427,842909,3
پيزد,مجتمع صنايع لاستيك يزد,1109,1092707,18157314350,16580,16700,16400,-180,-1.09,16620,40,0.24,16250,16990,136,122.21,3,1040,16340,16400,62407,1
حريل,ريل پردازسير,1098,20651929,67636402456,3200,3300,3283,83,2.59,3275,75,2.34,3201,3349,116,28.23,1,5000,3282,3299,333117,4
سدبير,س. تدبيرگران فارس وخوزستان,1090,2805796,89058206000,31150,30700,31900,750,2.41,31750,600,1.93,30050,32250,60,529.17,1,1000,31850,31950,6678,2
ولصنم,ليزينگ‌صنعت‌ومعدن‌,1086,19026239,98191600030,4870,4960,5210,340,6.98,5160,290,5.95,4770,5210,497,10.38,53,1701967,5210,5280,1000,1
ميدكو,توسعه معادن وص.معدني خاورميانه,1080,25055186,337726504400,12840,13470,13480,640,4.98,13480,640,4.98,13200,13480,337,40,302,6778272,13480,13560,1000,1
ثنوسا,نوسازي‌وساختمان‌تهران‌,1075,22574707,169560788830,7180,7370,7530,350,4.87,7510,330,4.6,7150,7530,-16,-469.37,13,482592,7530,8170,5000,1
نطرين,عطرين نخ قم,1069,6643821,71942378560,10770,10800,11000,230,2.14,10830,60,0.56,10100,11290,358,30.25,1,654,10920,11000,24106,1
كگاز,شيشه‌ و گاز,1068,2779037,86267104030,29850,31000,31250,1400,4.69,31040,1190,3.99,30040,31340,203,152.91,1,22857,30450,31250,82872,4
سشرق,سيمان‌ شرق‌,1065,5625170,76187973300,13090,13200,13500,410,3.13,13540,450,3.44,13150,13950,1577,8.59,2,1433,13470,13500,11535,1
غپينو,پارس‌ مينو,1059,13057814,64129111257,4803,4750,4928,125,2.6,4911,108,2.25,4611,5020,485,10.13,1,169,4926,4928,98500,1
فسپا,گروه‌صنعتي‌سپاهان‌,1057,9453146,92325628540,9740,9400,9720,-20,-0.21,9770,30,0.31,9250,9990,711,13.74,1,5000,9590,9720,10847,1
غگلستا,شير پاستوريزه پگاه گلستان,1055,3679753,91316250100,24150,24400,25450,1300,5.38,24800,650,2.69,23700,25750,1562,15.88,2,21596,25450,25450,20471,1
پخش,پخش البرز,1051,4040410,103185637000,24800,25950,25700,900,3.63,25550,750,3.02,24950,25950,1513,16.89,1,2000,25250,25800,33065,5
سرچشمه,سرمايه گذاري مس سرچشمه,1049,10399699,100528725610,9900,9850,9670,-230,-2.32,9670,-230,-2.32,9410,9940,472,20.49,1,30916,9670,9690,85510,8
تمحركه,ماشين سازي نيرو محركه,1043,15819481,136395409000,8450,8290,8570,120,1.42,8620,170,2.01,8290,8700,52,165.77,1,113,8570,8590,12508,1
شملي,ملي شيمي كشاورز,1042,21581521,174567901550,7730,7800,8110,380,4.92,8090,360,4.66,7700,8110,628,12.88,66,2573121,8110,8490,60179,3
جوين,كشت و صنعت جوين,1033,15707177,124417527850,8130,7950,7960,-170,-2.09,7920,-210,-2.58,7890,8100,979,8.09,1,18257,7950,7960,40000,1
ومدير,گ.مديريت ارزش سرمايه ص ب كشوري,1032,7397698,39532914990,5210,5130,5390,180,3.45,5340,130,2.5,5130,5450,1039,5.14,1,6287,5380,5390,72324,1
بمپنا,توليد برق عسلويه  مپنا,1027,18408569,209556679330,10850,11390,11390,540,4.98,11380,530,4.88,11300,11390,284,40.07,1,96726,11390,0,0,0
وصنا,گروه‌صنايع‌بهشهرايران‌,1023,20989878,50668325862,2385,2417,2415,30,1.26,2414,29,1.22,2321,2498,86,28.07,3,121661,2397,2416,20000,1
رمپنا,گروه مپنا (سهامي عام),1023,11440780,168199036120,14410,14400,14780,370,2.57,14700,290,2.01,14170,14950,956,15.38,1,444,14720,14780,9160,1
وملل,اعتباري ملل,1011,16260584,66993463666,4028,3890,4163,135,3.35,4120,92,2.28,3890,4190,-1241,-3.32,1,3146,4163,4169,46351,5
وتوكا,سرمايه‌گذاري‌توكافولاد(هلدينگ,1007,7772481,107619007470,13020,13340,13930,910,6.99,13850,830,6.37,13010,13930,1285,10.78,19,519362,13930,14840,62562,1
چفيبر,فيبر ايران‌,1006,9322973,95545457240,9940,10000,10430,490,4.93,10250,310,3.12,9660,10430,-37,-277.03,9,434037,10430,10910,4000,1
نوين,بيمه نوين,995,22765012,54591408016,2326,2271,2448,122,5.25,2398,72,3.1,2271,2450,87,27.56,2,75406,2401,2448,12330,1
كاما,باما,992,22691708,149311438640,6150,6580,6580,430,6.99,6580,430,6.99,6580,6580,429,15.34,793,29049075,6580,0,0,0
وسپه,سرمايه‌گذاري‌ سپه‌,991,12961598,77303108780,5930,6000,6010,80,1.35,5960,30,0.51,5800,6140,1036,5.75,6,63729,6000,6010,164967,2
شلعاب,لعابيران‌,991,12069241,210148143150,16790,16170,17620,830,4.94,17410,620,3.69,16170,17620,181,96.19,383,26608225,17620,0,0,0
رانفور,خدمات‌انفورماتيك‌,983,7948942,52542233430,6580,6830,6610,30,0.46,6600,20,0.3,6420,6840,353,18.7,1,1000,6610,6610,8717,2
غشهد,شهد ايران ‌,980,5797166,56715847050,9670,9450,9990,320,3.31,9780,110,1.14,9400,10010,542,18.04,2,1690,9820,9990,87223,3
شكربن,كربن‌ ايران‌,975,22787323,122358338040,5170,5250,5420,250,4.84,5370,200,3.87,5080,5420,503,10.68,1,1000,5410,5420,458959,19
تكنو,تكنوتار,971,5601932,40232806950,7430,7420,7280,-150,-2.02,7180,-250,-3.36,7070,7420,73,98.36,1,698,7280,7300,56683,2
واعتبار,سرمايه گذاري اعتبار ايران,970,15227658,82086776578,5073,5210,5428,355,7,5391,318,6.27,5180,5428,1166,4.62,96,2100464,5428,5500,2150,1
كروي,توسعه‌ معادن‌ روي‌ ايران‌,965,1976965,78682597630,39720,38900,39710,-10,-0.03,39800,80,0.2,38900,40600,3459,11.51,2,27186,39710,39940,10000,1
شسپا,نفت سپاهان,956,14477654,91074089050,6270,6300,6310,40,0.64,6290,20,0.32,6090,6460,632,9.95,3,5314,6300,6310,27676,1
درازك,دارويي‌ رازك‌,953,4661264,89911626780,18650,18450,19580,930,4.99,19290,640,3.43,18040,19580,1779,10.84,1,10000,19560,19570,1000,1
تاپيكو,س. نفت و گاز و پتروشيمي تأمين,950,8663517,177077306550,20480,20780,20340,-140,-0.68,20440,-40,-0.2,20040,20780,1953,10.47,12,47011,20330,20430,1000,1
خفنر,فنرسازي‌خاور,944,6498289,103169105900,14960,14800,16000,1040,6.95,15880,920,6.15,14800,16000,1536,10.34,31,412667,16000,18080,350,1
خموتور,موتورسازان‌تراكتورسازي‌ايران‌,944,7621166,69242582720,8730,8540,9160,430,4.93,9090,360,4.12,8540,9160,986,9.22,2,31456,9150,9160,200000,1
كبافق,معادن‌ بافق‌,942,1328329,52709046330,39250,39200,39470,220,0.56,39680,430,1.1,38000,40490,1966,20.18,1,4444,39470,39650,101382,3
زدشت,كشت و صنعت دشت خرم دره,931,1726533,58917201800,34100,34700,34250,150,0.44,34100,0,0,33250,34750,2120,16.08,2,873,34250,34450,919,1
سيمرغ,سيمرغ,927,3098339,90765388270,28890,28450,29390,500,1.73,29290,400,1.38,28200,29740,3336,8.78,2,10200,29340,29390,5000,1
ولغدر,ليزينگ‌خودروغدير,924,12854482,82744429930,6060,6310,6480,420,6.93,6440,380,6.27,6100,6480,279,23.08,44,943342,6480,6640,34421,1
پلاسك,پلاسكوكار,923,14702141,105067814270,6820,6890,7160,340,4.99,7150,330,4.84,6810,7160,-2153,-3.32,19,2092456,7160,7890,1400,1
كيميا,ص. معدني كيمياي زنجان گستران,921,19229736,186610199850,9300,9640,9590,290,3.12,9700,400,4.3,9300,9760,1265,7.67,1,811,9590,9600,351259,4
ريشمك,توليد و صادرات ريشمك,913,2324124,77941197450,32900,31700,33600,700,2.13,33550,650,1.98,31700,34450,3735,8.98,2,1739,33550,34000,6834,2
ومهان,گروه توسعه مالي مهرآيندگان,903,8390055,73202621260,8670,9090,8720,50,0.58,8710,40,0.46,8500,9090,1401,6.22,3,105576,8730,8760,191584,2
بزاگرس,نيروگاه زاگرس كوثر,901,11092010,82654076770,7150,6980,7500,350,4.9,7450,300,4.2,6980,7500,187,39.84,110,1372105,7500,8070,12000,1
ثاخت,بين‌المللي‌توسعه‌ساختمان,900,24557997,113756461838,4435,4341,4656,221,4.98,4632,197,4.44,4341,4656,143,32.39,255,49602040,4656,4690,1200,1
چكاوه,صنايع‌كاغذسازي‌كاوه‌,886,5362836,109482884970,19610,19750,20590,980,5,20420,810,4.13,19750,20590,229,89.17,74,2926749,20590,21320,9000,1
افرا,افرانت,884,1937641,54791541700,27800,28650,28450,650,2.34,28300,500,1.8,27200,28800,728,38.87,1,1300,28450,28450,60615,2
ملت,بيمه ملت,880,25672630,42756559350,1652,1671,1670,18,1.09,1665,13,0.79,1620,1696,-33,-50.45,1,31532,1666,1671,29337,1
كهمدا,شيشه‌ همدان‌,878,15180041,90550321470,5610,5650,6000,390,6.95,5970,360,6.42,5600,6000,599,9.97,17,471295,6000,6160,2093,2
خريخت,صنايع‌ريخته‌گري‌ايران‌,878,11714962,63037024200,5200,5200,5460,260,5,5380,180,3.46,5100,5460,447,12.04,1,3690,5400,5550,5000,1
البرز,بيمه البرز,875,39888024,131689220149,3103,3220,3320,217,6.99,3301,198,6.38,3160,3320,308,10.72,73,5146543,3320,3470,14000,1
آريان,سرمايه گذاري پارس آريان,874,22466974,118676216320,5340,5340,5350,10,0.19,5280,-60,-1.12,5180,5410,427,12.37,2,19515,5340,5350,65167,1
پتاير,ايران‌ تاير,874,25782298,73031259778,2691,2730,2879,188,6.99,2833,142,5.28,2690,2879,112,25.29,211,18696199,2879,2888,1800,1
وسين,بيمه سينا,866,34143166,97303660499,2927,2840,2857,-70,-2.39,2850,-77,-2.63,2840,2929,547,5.21,1,48800,2852,2857,229541,2
خپويش,سازه‌ پويش‌,865,6285852,135517679850,20580,20800,21600,1020,4.96,21560,980,4.76,20570,21600,1825,11.81,32,463866,21600,22300,20000,1
كسعدي,كاشي‌ سعدي‌,856,3908012,80857682240,19900,20000,20890,990,4.97,20690,790,3.97,19600,20890,1017,20.34,1,500,20860,20890,29967,1
مداران,داده‌پردازي‌ايران‌,855,4853151,50507504470,10320,10580,10370,50,0.48,10410,90,0.87,10300,10580,695,14.98,7,66172,10350,10410,1500,1
زنگان,صنعت روي زنگان,850,663360,57174814950,81750,81800,86500,4750,5.81,86200,4450,5.44,81800,87450,1782,48.37,1,558,86450,86500,6867,2
غگلپا,شير پاستوريزه پگاه گلپايگان,850,2780423,127788593400,43100,46100,46100,3000,6.96,45950,2850,6.61,44000,46100,4650,9.88,4,38329,46100,46300,110,1
كاوه,فولاد كاوه جنوب كيش,849,8018156,104232552470,13030,13050,12880,-150,-1.15,13000,-30,-0.23,12830,13200,1028,12.65,3,3001,12880,12890,27149,3
آباد,توريستي ورفاهي آبادگران ايران,841,933047,73828922990,77310,78000,78010,700,0.91,79130,1820,2.35,74030,81100,47,1683.62,1,100,78000,79290,5028,7
خكار,ايركا پارت صنعت,839,15575481,66671929117,4065,4349,4349,284,6.99,4281,216,5.31,4151,4349,346,12.37,22,1015398,4349,0,0,0
وبشهر,توسعه‌ صنايع‌ بهشهر(هلدينگ,832,8247739,69973857250,8490,8110,8480,-10,-0.12,8480,-10,-0.12,8110,8690,326,26.01,2,3365,8440,8480,60656,1
سخزر,سيمان‌ خزر,827,1595398,65222836300,40710,40900,40750,40,0.1,40880,170,0.42,40000,42350,3577,11.43,1,34543,40750,40760,4127,1
ركيش,كارت اعتباري ايران كيش,816,28140874,136539791970,4630,4790,4860,230,4.97,4850,220,4.75,4700,4860,50,97,11,1096359,4860,4990,2200,2
پكرمان,گروه‌ صنعتي‌ بارز,815,1362106,36986337830,27730,27990,27500,-230,-0.83,27150,-580,-2.09,26500,27990,1362,19.93,2,24618,27300,27500,45090,1
ثرود,سرمايه‌گذاري مسكن زاينده رود,812,3941123,63677229360,16090,15910,16340,250,1.55,16160,70,0.44,15310,16560,1496,10.8,1,500,16230,16330,10000,1
تپسي,پيشگامان فن آوري و دانش آراميس,801,6964908,49133870840,6950,6780,7060,110,1.58,7050,100,1.44,6780,7190,249,28.31,1,1273,7070,7160,79965,2
بتهران,بيمه اتكايي تهران رواك50%تاديه,793,26221177,42312415151,1568,1612,1615,47,3,1614,46,2.93,1582,1615,101,15.98,30,2360878,1615,1657,119997,3
بموتو,موتوژن‌,790,11891127,52436128122,4427,4453,4428,1,0.02,4410,-17,-0.38,4302,4544,408,10.81,1,1200,4425,4428,10000,1
ارفع,شركت آهن و فولاد ارفع,784,2220119,64144978100,28000,28800,28600,600,2.14,28900,900,3.21,28150,29350,3117,9.27,5,27961,28550,28600,415,1
شغدير,پتروشيمي غدير,780,1898545,184118735860,94140,97400,96980,2840,3.02,96980,2840,3.02,93400,98520,8660,11.2,1,1000,97000,97170,4300,1
تكمبا,كمباين‌ سازي‌ ايران‌,780,5513665,46403980480,8180,8570,8500,320,3.91,8420,240,2.93,8030,8670,174,48.39,2,6438,8490,8490,5944,1
درهآور,دارويي ره آورد تامين,778,648993,62049329700,92550,97800,93850,1300,1.4,95600,3050,3.3,93500,97800,9709,9.85,1,60,93950,94150,466,1
قشير,قند شيروان قوچان و بجنورد,776,4681053,54910457010,11720,11850,11670,-50,-0.43,11730,10,0.09,11280,12290,-114,-102.89,1,1000,11620,11670,1732,1
قزوين,كارخانجات‌ قند قزوين‌,769,5017433,45504755440,9180,9250,9300,120,1.31,9070,-110,-1.2,8860,9350,767,11.83,3,396946,9290,9300,31641,2
غچين,كشت‌ و صنعت‌ چين‌ چين,768,5927698,37346025960,6310,6100,6420,110,1.74,6300,-10,-0.16,6000,6420,408,15.44,3,22716,6400,6430,16569,2
كيمياتك,آريان كيميا تك,761,2253576,36066200010,16010,16290,15990,-20,-0.12,16000,-10,-0.06,15850,16290,1535,10.42,2,3146,15980,16000,441,3
كخاك,صنايع‌خاك‌چيني‌ايران‌,759,2556978,49959897490,19560,19420,19630,70,0.36,19540,-20,-0.1,19350,20120,1833,10.66,1,5500,19520,19560,20000,1
ماديرا,صنايع ماديران,753,23198536,121006490210,4990,5100,5230,240,4.81,5220,230,4.61,5050,5230,133,39.25,422,30045354,5230,5270,11000,2
زپارس,ملي كشت و صنعت و دامپروري پارس,752,999380,55766995340,53640,51100,56210,2570,4.79,55800,2160,4.03,51100,56320,1288,43.32,1,583,56210,0,0,0
فرآور,فرآوري‌موادمعدني‌ايران‌,749,1527584,65525813680,41860,42200,42990,1130,2.7,42900,1040,2.48,41810,43510,1800,23.83,2,2892,42880,43050,3350,2
خبنيان,بنيان ديزل,742,16784040,125195495630,7260,7390,7470,210,2.89,7460,200,2.75,7320,7470,29,257.24,97,2653295,7470,7700,7000,1
لخزر,پارس‌ خزر,740,2618216,47425322590,17900,17720,18250,350,1.96,18110,210,1.17,17560,18570,1540,11.76,1,4370,18240,18300,7001,3
حبندر,دريايي و کشتيراني خط دريابندر,739,4620699,75543617110,16400,15910,16610,210,1.28,16350,-50,-0.3,15910,16790,209,78.23,1,1445,16570,16610,11571,2
والبر,سرمايه‌ گذاري‌ البرز(هلدينگ‌,736,6336190,47471859120,7350,7540,7480,130,1.77,7490,140,1.9,7390,7640,623,12.02,1,1000,7470,7480,3952,1
خكمك,كمك‌فنرايندامين‌,732,42635266,124527372116,2793,2802,2932,139,4.98,2921,128,4.58,2802,2932,-116,-25.18,426,40497155,2932,2939,2157,1
سدور,سيمان‌ دورود,724,4383475,53056297510,11960,12290,12120,160,1.34,12100,140,1.17,11950,12490,258,46.9,0,0,0,0,0,0
قشكر,شكرشاهرود,723,14348447,46038608753,3351,3218,3300,-51,-1.52,3209,-142,-4.24,3184,3339,-182,-17.63,1,173787,3300,3330,23300,2
وصنعت,سرمايه گذاري توسعه صنعت وتجارت,720,14411700,35497425143,2379,2397,2489,110,4.62,2463,84,3.53,2340,2509,461,5.34,1,150000,2479,2490,29850,3
لسرما,سرما آفرين‌,717,1258732,41558206270,32700,33280,33000,300,0.92,33020,320,0.98,32000,33700,904,36.53,1,9000,32700,33000,1113,2
ونيكي,سرمايه‌گذاري‌ ملي‌ايران‌,715,5605012,46255001400,8090,8130,8340,250,3.09,8160,70,0.87,8040,8370,817,9.99,1,10000,8330,8340,60040,1
تجلي,تجلي توسعه معادن و فلزات,714,17323602,37096304286,2135,2147,2150,15,0.7,2141,6,0.28,2132,2188,82,26.11,4,67083,2145,2150,267337,2
سخاش,سيمان‌خاش‌,709,383353,33571418720,90450,89450,88020,-2430,-2.69,87570,-2880,-3.18,86750,90450,11611,7.54,2,7104,87510,88270,1000,1
كترام,توليدي‌ كاشي‌ تكسرام‌,693,2513147,44689635500,17430,17800,17600,170,0.98,17780,350,2.01,17120,18200,892,19.93,2,33949,17600,17680,46772,1
سبهان,سيمان‌ بهبهان‌,692,733652,63645401660,86690,84000,86000,-690,-0.8,86750,60,0.07,84000,88900,7359,11.79,0,0,0,0,0,0
حسير,ريل سير كوثر,692,2943621,50616172560,16650,16850,17380,730,4.38,17200,550,3.3,16500,17500,3502,4.91,1,6000,17350,17420,20000,1
بكام,كارخانجات توليدي شهيد قندي,686,14831442,73475375169,4645,4860,4970,325,7,4954,309,6.65,4682,4970,0,0,212,13007367,4970,4980,1100,1
شنفت,نفت‌ پارس‌,685,5146842,51788757470,9850,9820,10150,300,3.05,9990,140,1.42,9710,10270,1077,9.28,1,1000,10130,10170,20463,1
وهور,مديريت انرژي اميد  تابان هور,684,20102360,33914480268,1620,1640,1701,81,5,1687,67,4.14,1639,1701,47,35.89,1,3000,1695,1701,205800,3
وخاور,بانك خاورميانه,683,9910435,53071288810,5270,5280,5500,230,4.36,5330,60,1.14,5220,5530,705,7.56,1,10000,5460,5500,420000,3
سپاها,سيمان‌سپاهان‌,676,2956494,61510491630,20730,20510,20800,70,0.34,20810,80,0.39,20340,21470,2435,8.55,1,9999,20790,20800,71763,4
آواپارس,بيمه اتكايي آواي پارس70% تاديه,674,14160450,27212900690,1908,1940,1912,4,0.21,1922,14,0.73,1902,1959,211,9.11,1,55411,1911,1918,640,1
غكورش,صنعت غذايي كورش,673,4818546,78783227100,15580,16350,16350,770,4.94,16350,770,4.94,16350,16350,2055,7.96,558,29511618,16350,16720,503,1
دسبحان,سبحان دارو,669,13345362,139132316690,9940,10420,10430,490,4.93,10430,490,4.93,10220,10430,1047,9.96,12,366522,10430,0,0,0
زمگسا,كشاورزي‌ ودامپروي‌ مگسال‌,666,1130913,50154421440,43690,45430,44450,760,1.74,44350,660,1.51,43430,45430,3260,13.6,1,3803,44380,44500,7750,1
وصندوق,سرمايه‌گذاري‌صندوق‌بازنشستگي‌,660,4162996,93136384750,22640,22400,22220,-420,-1.86,22430,-210,-0.93,22020,23000,2447,9.17,3,110000,22210,22370,60000,2
كساپا,سايپاشيشه‌,659,2266552,83324114370,36320,36990,36880,560,1.54,36760,440,1.21,36030,37060,-243,-151.28,1,185,36810,36880,572,1
دسانكو,داروسازي سبحان انكولوژي,659,3402544,31823125710,9050,8870,9460,410,4.53,9350,300,3.31,8870,9520,435,21.49,3,14688,9450,9460,450,1
دلقما,دارويي‌ لقمان‌,659,7692523,26457063668,3408,3333,3470,62,1.82,3439,31,0.91,3333,3532,290,11.86,1,157,3470,3489,40000,1
كپشير,پشم‌شيشه‌ايران‌,656,4543225,53993912740,11360,11380,11920,560,4.93,11880,520,4.58,11380,11920,877,13.55,10,65329,11920,11980,555,1
كشرق,صنعتي و معدني شمال شرق شاهرود,654,314127,66495670800,198350,212000,212200,13850,6.98,211700,13350,6.73,200000,212200,2084,101.58,12,5262,212200,0,0,0
بكابل,سيم و كابل ابهر,647,1947523,58198573100,29450,29500,29700,250,0.85,29900,450,1.53,28600,30500,1855,16.12,1,169,29700,29900,1,1
ساينا,صنايع بهداشتي ساينا,645,968315,45392383050,45950,46950,46950,1000,2.18,46900,950,2.07,44700,47750,1515,30.96,2,1436,46950,47400,11120,3
شبصير,توليدات پتروشيمي قائد بصير,639,2046309,73081609200,35200,34150,36500,1300,3.69,35700,500,1.42,34150,36600,3870,9.22,1,5000,36400,36400,200,1
حتايد,تايدواترخاورميانه,633,11555115,81039149300,6910,7000,7050,140,2.03,7010,100,1.45,6910,7170,1014,6.91,1,11085,7050,7140,5000,1
ومعلم,بيمه معلم,632,17533061,45855678641,2559,2550,2610,51,1.99,2615,56,2.19,2480,2684,45,58.11,5,39997,2610,2650,98839,2
كطبس,ذغال‌سنگ‌ نگين‌ ط‌بس‌,632,14506479,345454652020,22310,23070,23870,1560,6.99,23810,1500,6.72,22550,23870,1976,12.05,150,5414736,23870,27000,205,1
شوينده,مديريت صنعت شوينده ت.ص.بهشهر,628,2276654,55445723830,23970,23240,24700,730,3.05,24350,380,1.59,23240,25190,1582,15.39,1,17443,24700,24880,5000,1
تپمپي,پمپ‌ سازي‌ ايران‌,626,1688186,57305909410,33890,33980,35170,1280,3.78,33950,60,0.18,33280,35300,2910,11.67,1,303,34560,35100,10000,1
پاكشو,گروه صنعتي پاكشو,625,7174608,49416409960,6710,6630,6870,160,2.38,6780,70,1.04,6620,7010,167,40.6,2,30423,6860,6870,741,1
تنوين,تامين سرمايه نوين,625,9125110,46389584597,5019,5000,5107,88,1.75,5079,60,1.2,5000,5150,758,6.7,1,2000,5070,5107,112107,2
پارسيان,بيمه پارسيان,623,9369273,41178736485,4244,4399,4444,200,4.71,4395,151,3.56,4267,4520,389,11.3,1,1981,4440,4496,9000,1
قمرو,قند مرودشت‌,620,3569135,35655687030,9770,10180,10220,450,4.61,9990,220,2.25,9810,10390,679,14.71,3,20726,10000,10220,318,1
هرمز,فولاد هرمزگان جنوب,609,3426989,34954279140,10210,10050,10270,60,0.59,10200,-10,-0.1,9960,10400,993,10.27,1,50000,10310,10400,9708,6
سصوفي,سيمان‌ صوفيان‌,609,2326186,73365672420,30990,31050,31730,740,2.39,31540,550,1.77,31040,31890,3685,8.56,2,22336,31700,31740,10194,2
تبرك,گروه كارخانجات صنعتي تبرك,604,3154213,45736166920,14220,14000,14600,380,2.67,14500,280,1.97,13950,14700,298,48.66,1,2905,14570,14670,5048,1
كحافظ,كاشي‌ وسراميك‌ حافظ‌,604,5501827,44472981520,7860,7580,8280,420,5.34,8080,220,2.8,7580,8280,783,10.32,1,2000,8230,8280,32379,1
شكام,صنايع شيميايي كيمياگران امروز,599,4031052,49631847330,12100,12300,12560,460,3.8,12310,210,1.74,11810,12650,1151,10.7,2,6000,12420,12570,79743,2
گنگين,اقتصادي نگين گردشگري ايرانيان,598,4722773,257550293250,53700,55150,55000,1300,2.42,54550,850,1.58,52100,55300,0,0,4,9408,55000,55200,7915,1
وملي,گروه‌ صنعتي‌ ملي‌ (هلدينگ‌,596,519689,122682982230,224830,236070,236070,11240,5,236070,11240,5,236070,236070,1692,139.52,565,1168521,236070,0,0,0
شصدف,صنعتي دوده فام,587,424664,19948096050,46650,46400,47050,400,0.86,46950,300,0.64,45000,47900,3823,12.28,1,150,47050,47200,2192,3
سفاسي,شركت فارسيت اهواز,583,9214322,42210988830,4630,4610,4600,-30,-0.65,4580,-50,-1.08,4500,4740,-6,-763.33,1,100000,4580,4690,5000,1
زماهان,مجتمع توليد گوشت مرغ ماهان,583,7079254,70788653770,9410,9120,10060,650,6.91,10000,590,6.27,9120,10060,-468,-21.37,91,987173,10060,11380,2000,1
فنفت,صنايع تجهيزات نفت,582,2762163,75603211050,26700,26400,27500,800,3,27350,650,2.43,26400,27500,1280,21.37,200,2566490,27500,27900,1000,1
زگلدشت,كشت و دام گلدشت نمونه اصفهان,579,5138848,124386204600,22950,23500,24550,1600,6.97,24200,1250,5.45,22800,24550,948,25.53,25,122590,24550,0,0,0
قشهد,شهد,573,917909,20789065530,23190,23480,22540,-650,-2.8,22650,-540,-2.33,22150,23960,1554,14.58,1,7650,22490,22600,3861,2
فولاژ,فولاد آلياژي ايران,571,3925324,78198029680,18800,18600,19950,1150,6.12,19490,690,3.67,18600,20100,1725,11.3,1,503,19910,19980,7877,2
خچرخش,چرخشگر,571,1894480,51829100880,26730,25250,27830,1100,4.12,27360,630,2.36,25250,28240,1309,20.9,1,380,27740,27830,2217,1
گوهران,سرمايه گذاري توسعه گوهران اميد,560,1621008,9562356710,5860,5840,5920,60,1.02,5880,20,0.34,5830,6020,1031,5.7,2,14862,5860,5940,3000,3
ساربيل,سيمان آرتا اردبيل,557,817064,50001505770,61470,61460,60760,-710,-1.16,61200,-270,-0.44,60500,62340,7053,8.68,2,345,60700,61240,31000,2
واحيا,م .صنايع و معادن احياء سپاهان,553,6514419,152173831750,23750,23100,23050,-700,-2.95,23350,-400,-1.68,23050,23900,2359,9.9,1,2500,20500,23250,2429,2
غگرجي,بيسكويت‌  گرجي‌,552,10515011,25333362314,2368,2355,2400,32,1.35,2409,41,1.73,2355,2445,0,0,1,19535,2400,2415,116768,1
وآوا,سرمايه گذاري آوا نوين,550,6740493,28457041447,4044,3901,4290,246,6.08,4222,178,4.4,3901,4300,198,21.32,1,55959,4290,4300,22699,4
شزنگ,تجهيزنيروي‌زنگان‌,549,436094,53758081000,126700,122900,122900,-3800,-3,123250,-3450,-2.72,122900,126650,1899,64.9,0,0,0,122900,2993,3
حتوكا,حمل‌ونقل‌توكا,541,6248827,29169969747,4811,4700,4635,-176,-3.66,4668,-143,-2.97,4620,4800,232,20.12,2,397323,4635,4641,134073,2
سكارون,سيمان كارون,540,651369,44961247950,70850,72600,69050,-1800,-2.54,69050,-1800,-2.54,68750,72600,-591,-116.84,2,1250,69000,69100,300,1
شپارس,بين‌ المللي‌ محصولات‌  پارس‌,537,4426710,41333384300,8950,9100,9390,440,4.92,9340,390,4.36,8850,9390,408,22.89,1,4000,9380,9390,1049207,9
شتوكا,توكا رنگ فولاد سپاهان,537,1690697,38501897100,21550,22000,23050,1500,6.96,22750,1200,5.57,21350,23050,1092,20.83,14,114024,23050,23950,5000,1
دجابر,داروسازي‌ جابرابن‌حيان‌,535,2707361,51891348910,18240,17900,19260,1020,5.59,19170,930,5.1,17750,19510,1714,11.18,1,841,19260,19300,7169,3
پارسان,گسترش نفت و گاز پارسيان,535,1293028,52355788100,40450,40530,40400,-50,-0.12,40470,20,0.05,40170,41590,2611,15.5,1,125,40320,40470,1000,1
فافزا,فولاد افزا سپاهان,535,1472326,82184219400,55450,53800,57100,1650,2.98,55800,350,0.63,53800,57100,5128,10.88,4,23040,57100,64300,200,1
حگردش,ريل گردش ايرانيان,531,19207888,76069270515,3849,3914,3964,115,2.99,3960,111,2.88,3850,3964,131,30.23,9,321284,3964,4360,80000,1
بالبر,كابل‌ البرز,530,520678,18483692480,36610,36000,35430,-1180,-3.22,35500,-1110,-3.03,35010,36000,453,78.37,1,148,35410,35450,23418,1
بپاس,بيمه پاسارگاد,529,2435024,53716647800,21650,21800,22250,600,2.77,21850,200,0.92,21500,22350,572,38.2,2,47465,21900,22250,162069,10
وتوسم,سرمايه‌گذاري‌توسعه‌ملي‌,528,5277441,31768347340,5950,6080,5990,40,0.67,6020,70,1.18,5930,6190,1223,4.92,3,49990,5970,6050,11000,1
كگهر,سنگ آهن گهرزمين,528,625627,31278249250,50650,49750,49900,-750,-1.48,50450,-200,-0.39,49750,51050,4648,10.85,22,28028,49850,50100,5900,1
وسرمد,بيمه  سرمد,527,22381686,47619295938,2158,2094,2141,-17,-0.79,2128,-30,-1.39,2094,2200,46,46.26,1,30000,2116,2141,32289,4
سمايه,بانك سرمايه,526,8867493,52047587840,5870,5700,5950,80,1.36,5870,0,0,5700,6030,-20090,-0.29,4,60184,5870,5950,7537,1
غصينو,صنعتي مينو,519,1754917,29625378050,16730,16980,16880,150,0.9,16880,150,0.9,16680,17170,1158,14.58,1,2366,16870,16980,500,1
شصفها,پتروشيمي‌ اصفهان‌,519,518040,106079775800,207750,207000,204100,-3650,-1.76,204750,-3000,-1.44,203600,210000,6155,33.27,1,300,204100,204500,14915,1
بفجر,فجر انرژي خليج فارس,518,2421073,60313920160,25150,24810,24900,-250,-0.99,25000,-150,-0.6,24710,25380,3322,7.53,1,2000,24880,24900,19874,2
سمازن,سيمان‌مازندران‌,516,3121207,65583319180,21070,21400,21100,30,0.14,21010,-60,-0.28,20600,21400,3123,6.73,2,780,21100,21150,21000,2
غبهنوش,بهنوش‌ ايران‌,511,415435,33710896380,81140,80230,81800,660,0.81,81150,10,0.01,77600,83560,2504,32.41,1,300,80530,81800,868,1
ثباغ,شهر سازي و خانه سازي باغميشه,510,4010522,77246033870,18810,19580,19220,410,2.18,19260,450,2.39,18300,19600,0,0,2,15628,19130,19220,4223,1
مفاخر,توسعه فناوري اطلاعات خوارزمي,510,4042639,54584562150,12730,12630,13620,890,6.99,13500,770,6.05,12530,13620,81,166.67,38,439821,13620,14200,7100,1
سنير,سيمان‌ سفيد ني‌ريز,504,665424,35692658380,55060,54970,52500,-2560,-4.65,53640,-1420,-2.58,52230,54970,2839,18.89,1,100,52480,52480,8999,1
شخارك,پتروشيمي‌ خارك‌,492,757674,51619826520,66600,67760,67400,800,1.2,67370,770,1.16,66150,70410,6412,10.51,2,1686,67400,67510,1065,2
وپسا,س. پتروشيمي ساختمان  خليج فارس,490,20038430,46950509944,2280,2231,2348,68,2.98,2343,63,2.76,2231,2348,31,75.58,37,6875753,2348,2477,10000,1
خبازرس,بازرسي مهندسي و صنعتي ايران,486,2271083,57575859100,25100,25500,24850,-250,-1,25350,250,1,24350,25850,888,28.55,1,17050,24750,24900,30571,3
سيلام,سيمان‌ ايلام‌,486,2458866,63460500320,24620,24750,25850,1230,5,25810,1190,4.83,24750,25850,966,26.72,0,0,0,0,0,0
حسينا,توسعه خدمات دريايي وبندري سينا,479,4067783,77092924520,18460,19070,19400,940,5.09,18950,490,2.65,18350,19490,2013,9.41,1,300,19120,19380,1784,1
غبهار,كشت وصنعت بهاران گلبهار خراسان,476,3125785,67225577250,21800,21850,22350,550,2.52,21500,-300,-1.38,21150,22400,1481,14.52,2,4600,22050,22350,1679,2
سغدير,توسعه سرمايه و صنعت غدير,475,1076115,10277541750,9600,9750,9660,60,0.63,9580,-20,-0.21,9330,10040,1109,8.64,1,4450,9660,9810,1182,2
اميد,تامين سرمايه اميد,475,4652746,29813721360,6280,6210,6400,120,1.91,6380,100,1.59,6200,6550,457,13.96,1,10000,6390,6400,129234,1
دتماد,توليدمواداوليه‌داروپخش‌,475,797038,46083108680,55610,53500,57800,2190,3.94,57820,2210,3.97,53500,59500,6542,8.84,1,1364,57800,58000,100,1
كقزوي,شيشه‌ قزوين‌,472,3225869,98027209450,31100,31350,30300,-800,-2.57,30400,-700,-2.25,30200,31350,3372,9.02,5,42827,30200,30300,4458,1
زشريف,كشت وصنعت شريف آباد,470,3237450,20213984850,6060,6070,6260,200,3.3,6240,180,2.97,6050,6400,542,11.51,1,3000,6200,6260,16143,2
شگل,گلتاش‌,469,2559801,20575177090,8020,7800,8020,0,0,8040,20,0.25,7640,8300,520,15.46,1,45,7980,8050,11500,2
دعبيد,لابراتوارداروسازي‌  دكترعبيدي‌,466,1676314,42819954130,25840,26170,25630,-210,-0.81,25720,-120,-0.46,25140,26170,1375,18.71,1,315,25620,25630,500,1
دفارا,داروسازي‌ فارابي‌,466,2072967,71442281730,34100,34000,34880,780,2.29,34460,360,1.06,33600,35170,2527,13.64,1,77900,34880,34920,11400,2
شكلر,نيروكلر,465,1456743,60863317830,42310,40450,41590,-720,-1.7,41780,-530,-1.25,40450,42700,4399,9.5,1,6685,41560,41590,1271,1
ثتران,سرمايه گذاري مسكن تهران,464,8112885,51783435590,6110,6340,6410,300,4.91,6380,270,4.42,6140,6410,119,53.61,59,1073818,6410,6520,2000,1
پاسا,ايران‌ياساتايرورابر,462,1991369,26641288590,13440,13250,13330,-110,-0.82,13380,-60,-0.45,13000,13770,1360,9.84,1,8759,13330,13540,1000,1
داوه,داروسازي آوه سينا,456,1944221,23862191240,12020,11840,12400,380,3.16,12270,250,2.08,11840,12400,425,28.87,2,109678,12290,12400,149107,4
شرانل,نفت ايرانول,452,244700,22370205300,90550,94850,92000,1450,1.6,90800,250,0.28,90250,94900,9818,9.25,1,100,91750,92000,6877,1
غپآذر,شير پگاه آذربايجان شرقي,443,990216,41826927600,42050,42000,42700,650,1.55,42250,200,0.48,41500,43250,3027,13.96,4,9518,42650,42950,61630,1
حپارسا,توسعه حمل و نقل ريلي پارسيان,438,412226,32752753750,81600,79200,80950,-650,-0.8,79450,-2150,-2.63,77000,81500,7118,11.16,1,767,79300,81000,11000,1
فروسيل,فروسيليسيم خمين,434,2023178,40043205700,19900,19350,19950,50,0.25,19800,-100,-0.5,19200,20000,1150,17.22,1,1000,19700,19900,15000,3
وسبحان,سرمايه گذاري سبحان,434,9611312,27378343928,2808,2850,2847,39,1.39,2849,41,1.46,2805,2919,649,4.39,1,3000,2849,2885,5555,1
وپترو,سرمايه‌گذاري صنايع پتروشيمي‌,434,1514580,42975693340,27520,28300,28700,1180,4.29,28370,850,3.09,27680,28750,3609,7.86,1,349,28620,28700,962,1
ثنظام,س. ساختماني نظام مهندسي ايران,428,984621,48770340750,50950,50450,49450,-1500,-2.94,49550,-1400,-2.75,49450,51450,-360,-137.64,1,1100,48550,49450,51100,2
بشهاب,لامپ‌  پارس‌ شهاب‌,425,1287766,30907307840,23220,23470,24380,1160,5,24000,780,3.36,23200,24380,1353,17.74,33,432564,24380,24600,5000,1
لبوتان,گروه‌صنعتي‌بوتان‌,425,1690864,25478674400,14760,15300,15260,500,3.39,15070,310,2.1,14630,15300,683,22.06,1,23385,15190,15260,4845,2
فوكا,فولاد كاويان,423,4683453,67735718930,14060,14420,14480,420,2.99,14460,400,2.84,14200,14480,751,19.25,9,1147656,14480,14540,200000,1
كايزد,فرانسوز يزد,422,1900168,21233305180,11160,11260,11130,-30,-0.27,11170,10,0.09,11000,11410,374,29.87,1,700,11130,11180,70765,3
بخاور,بيمه زندگي خاورميانه,421,3852632,17440188108,4324,4500,4548,224,5.18,4527,203,4.69,4110,4585,367,12.34,1,7487,4531,4548,102990,1
غشصفا,شيرپاستوريزه‌پگاه‌اصفهان‌,417,3575600,72883380770,19070,20400,20400,1330,6.97,20380,1310,6.87,20100,20400,1805,11.29,52,387027,20400,0,0,0
چافست,افست‌,416,4297801,35594128900,7990,7860,8230,240,3,8280,290,3.63,7800,8380,607,13.64,3,17975,8200,8200,28027,1
فخاس,فولاد خراسان,415,1002405,15286504200,15220,15220,15240,20,0.13,15220,0,0,15140,15440,1083,14.05,1,800,15210,15240,82132,1
اعتلا,شركت سرمايه گذاري اعتلاء البرز,414,6314531,27808706080,4244,4399,4424,180,4.24,4404,160,3.77,4329,4455,977,4.51,1,1620,4421,4430,19237,1
كفرا,فراورده‌ هاي‌ نسوزايران‌,413,2905186,33797798520,11220,10850,11780,560,4.99,11630,410,3.65,10850,11780,664,17.52,1,3707,11760,11780,23487,2
حخزر,كشتيراني درياي خزر,413,1436520,73508184100,51500,52350,50850,-650,-1.26,51150,-350,-0.68,49950,52400,2497,20.48,1,6400,50850,51350,50,1
سكرد,سيمان كردستان,411,1946513,19927539690,10000,9940,10250,250,2.5,10240,240,2.4,9930,10400,503,20.36,3,200584,10230,10290,329,1
نمرينو,ايران‌ مرينوس‌,405,275027,16684750290,63850,60720,60660,-3190,-5,60670,-3180,-4.98,60660,61900,476,127.46,0,0,0,60660,384595,43
شرنگي,شيميايي رنگين,405,921477,39620670900,42150,41300,43350,1200,2.85,43000,850,2.02,41300,43400,1164,36.94,1,13942,43300,43350,640,1
سخوز,سيمان خوزستان,401,1803305,104699888300,54270,58060,58060,3790,6.98,58060,3790,6.98,58060,58060,7190,8.08,113,204295,58060,58820,1000,1
وثوق,سرمايه گذاري وثوق امين,401,2474255,56151121050,22100,21550,22750,650,2.94,22700,600,2.71,21550,22750,254,89.37,19,317854,22750,24500,10719,1
تكشا,گسترش‌صنايع‌وخدمات‌كشاورزي‌,400,768162,34505791940,43410,45460,44770,1360,3.13,44920,1510,3.48,44000,45460,783,57.37,1,1000,44370,44760,27992,1
اتكاي,بيمه اتكايي ايرانيان,398,2828610,21609312970,7360,7150,7720,360,4.89,7640,280,3.8,7150,7720,907,8.42,1,6844,7690,7720,1512,2
فاما,صنعتي‌ آما,398,1655667,24991976170,15100,14210,15090,-10,-0.07,15090,-10,-0.07,14200,15850,1188,12.7,2,7903,15010,15100,7714,2
نيرو,نيرو سرمايه,398,795092,49868327900,61700,63000,61900,200,0.32,62700,1000,1.62,60250,63550,97,646.39,2,9257,61900,61950,416,1
سشمال,سيمان‌ شمال‌,396,1330595,21914618950,15570,16120,16630,1060,6.81,16470,900,5.78,15860,16650,2232,7.38,2,11500,16510,16640,23615,1
حپترو,حمل و نقل پتروشيمي( سهامي عام,394,1328708,62647571320,45020,46010,47270,2250,5,47150,2130,4.73,45050,47270,3237,14.57,38,310667,47270,48000,116,1
خمحور,توليدمحورخودرو,393,11979646,73541061970,5880,6120,6170,290,4.93,6140,260,4.42,5960,6170,167,36.77,93,5608913,6170,6300,2355,1
حاريا,كشتيراني آريا,388,4729063,33005738580,6880,7010,6870,-10,-0.15,6980,100,1.45,6810,7010,71,98.31,1,6123,6860,6940,1453,1
فايرا,آلومينيوم‌ايران‌,388,3399918,31506664800,9100,9290,9330,230,2.53,9140,40,0.44,9170,9390,732,12.49,1,3000,9330,9390,320,1
قهكمت,قندهكمتان‌,385,2445117,27721468100,10870,11000,11410,540,4.97,11340,470,4.32,11000,11410,912,12.43,1,500,11390,0,0,0
فلات,گروه صنايع معادن فلات ايرانيان,381,2214784,86746329350,38450,39600,39600,1150,2.99,39150,700,1.82,37300,39600,1174,33.35,2,33050,39600,0,0,0
چخزر,صنايع چوب خزر كاسپين,377,489087,37904242500,72450,77500,77500,5050,6.97,77500,5050,6.97,77500,77500,3216,24.1,70,366442,77500,0,0,0
اتكام,بيمه اتكايي امين,375,10122505,61684892140,5830,5940,6120,290,4.97,6090,260,4.46,5720,6120,746,8.16,71,12452645,6120,6260,3097,2
دسبحا,گروه دارويي سبحان,373,3029942,35874080740,11500,11500,11800,300,2.61,11840,340,2.96,11430,12120,572,20.7,1,2000,11700,11800,139545,2
وآرين,شركت توسعه اقتصادي آرين,369,15965315,31958402405,1948,2000,2006,58,2.98,2002,54,2.77,1950,2006,93,21.53,131,19361155,2006,2047,43830,2
شدوص,دوده‌ صنعتي‌ پارس‌,366,1444943,26002754310,17670,17810,18100,430,2.43,18000,330,1.87,17220,18260,1927,9.34,2,1388,17930,18150,3612,2
شجم,صنايع پتروشيمي تخت جمشيد,364,2845596,27884769040,9360,9370,9820,460,4.91,9800,440,4.7,9370,9820,547,17.92,1,550,9810,9820,24662,1
درازي,پخش رازي,362,642942,18499545800,28900,27800,28600,-300,-1.04,28750,-150,-0.52,27700,29450,2729,10.53,1,3335,28600,28750,9901,1
فاهواز,نورد و لوله اهواز,360,14919624,73802225755,4900,4949,4947,47,0.96,4947,47,0.96,4852,4949,-203,-24.37,3,135472,4903,4949,20000,1
پارتا,مجتمع صنعتي آرتاويل تاير,358,3766448,37553669700,9800,10250,10050,250,2.55,9970,170,1.73,9770,10250,453,22.01,1,10023,9950,10100,13415,2
فروس,فروسيليس‌ ايران‌,358,2596003,23161444290,8700,8840,8970,270,3.1,8920,220,2.53,8560,9070,1023,8.72,1,1023,8900,8970,83,1
وسكاب,س.ص.بازنشستگي كاركنان بانكها,356,4579143,17313024171,3720,3700,3795,75,2.02,3778,58,1.56,3700,3829,817,4.62,1,70000,3764,3795,82318,1
ويسا,سرمايه گذاري ايساتيس پويا,355,2839226,28039145760,10020,10000,9720,-300,-2.99,9880,-140,-1.4,9720,10200,462,21.39,0,0,0,9720,557348,27
قپيرا,فرآورده‌هاي‌غدايي‌وقندپيرانشهر,354,1608632,27083945660,15910,14800,17020,1110,6.98,16840,930,5.85,14800,17020,350,48.11,32,306743,17020,0,0,0
دروز,داروسازي‌ روزدارو,354,636723,15568422670,23520,22950,24690,1170,4.97,24450,930,3.95,22950,24690,529,46.22,28,85926,24690,26740,189,1
ثجوان,تامين مسكن جوانان,352,2985352,35892619530,11870,12210,12020,150,1.26,12020,150,1.26,11520,12220,68,176.76,2,169138,11980,12220,48311,7
وبوعلي,سرمايه‌گذاري‌بوعلي‌,351,3578826,14759198135,4055,4002,4155,100,2.47,4121,66,1.63,4002,4165,740,5.57,2,4331,4150,4155,39361,1
كتوكا,توليدي و خدمات صنايع نسوز توكا,349,3438392,42292221600,13220,12300,12300,-920,-6.96,12300,-920,-6.96,12300,12300,388,31.7,0,0,0,12300,15889089,670
شپاس,نفت پاسارگاد,342,921488,30599736700,32500,32600,33500,1000,3.08,33200,700,2.15,32600,33850,3647,9.1,1,1500,33300,33450,4379,1
ساروم,سيمان‌اروميه‌,342,576857,25223684800,41780,42000,44400,2620,6.27,43730,1950,4.67,42000,44480,5543,7.89,1,200,43660,44400,9280,2
غنيلي,مجتمع توليدي نيلي صنعت كرمان,332,5015725,31898574730,6630,6420,6400,-230,-3.47,6360,-270,-4.07,6300,6730,-52,-122.31,1,928,6420,6590,29500,1
فلامي,لاميران‌,329,1100424,11467197570,10280,10210,10460,180,1.75,10400,120,1.17,10150,10670,803,12.95,2,17020,10450,10470,4200,2
دكپسول,توليد ژلاتين كپسول ايران,329,496220,36889160800,73850,73850,74800,950,1.29,74350,500,0.68,73250,75450,9207,8.08,2,550,74400,74800,176,1
غشاذر,پگاه‌آذربايجان‌غربي‌,328,5117112,50095389570,9150,9790,9790,640,6.99,9790,640,6.99,9230,9790,524,18.68,51,2455773,9790,0,0,0
قشرين,قند شيرين خراسان,326,4780442,49897908830,10140,10400,10440,300,2.96,10440,300,2.96,10110,10440,49,213.06,11,902682,10440,0,0,0
ولملت,واسپاري ملت,324,3327468,20570826430,5990,6200,6140,150,2.5,6180,190,3.17,6040,6260,672,9.2,1,897,6130,6150,10463,4
دسينا,داروسازي‌ سينا,322,1438215,24308159890,16500,16700,16990,490,2.97,16900,400,2.42,16310,17310,1315,12.85,1,4500,16860,17000,165689,2
مبين,مبين انرژي خليج فارس,318,981927,38549280810,39270,39400,39100,-170,-0.43,39270,0,0,38620,39700,4848,8.1,9,11490,39050,39100,942,1
جم,پتروشيمي جم,316,855321,53765713270,62380,65000,63480,1100,1.76,62620,240,0.38,62000,65000,4822,12.99,1,2000,63020,63480,11923,1
وفتخار,سرمايه گذاري افتخار سهام,314,10809035,34429464945,3094,3184,3186,92,2.97,3185,91,2.94,3151,3186,143,22.27,7,222140,3186,3214,14014,1
وآفري,بيمه كارآفرين,307,13569779,51303476263,3691,3801,3795,104,2.82,3781,90,2.44,3637,3801,305,12.4,1,52426,3801,4195,12660,1
سپ,پرداخت الكترونيك سامان كيش,306,575391,10151229860,17790,18430,17750,-40,-0.22,17770,-20,-0.11,17400,18430,234,75.94,1,1000,17510,17760,2600,1
افق,فروشگاههاي زنجيره اي افق كوروش,302,1129593,22952656190,20220,20760,20230,10,0.05,20240,20,0.1,20130,20760,1200,16.87,4,21190,20170,20230,9727,1
پلاست,كارخانجات توليدي پلاستيران,301,3151675,40310022580,12440,12350,12800,360,2.89,12790,350,2.81,12350,12810,1291,9.91,1,22218,12780,12800,26986,1
بسويچ,پارس‌سويچ‌,299,1631708,13194028960,8070,7810,8150,80,0.99,8080,10,0.12,7810,8210,523,15.45,1,403,8140,8170,100000,1
وحكمت,بيمه حكمت صبا,295,7738140,27652576106,3480,3385,3545,65,1.87,3574,94,2.7,3385,3584,197,18.14,1,17717,3545,3584,107000,3
وكادو,تكادو,289,2648705,76667348100,28200,27700,29000,800,2.84,28950,750,2.66,27600,29000,1908,15.17,13,1063280,29000,29750,44000,2
كازرو,پتروشيمي كازرون,286,2876359,62127729750,21100,20950,21700,600,2.84,21600,500,2.37,20550,21700,-43,-502.33,2,41977,21600,23200,5000,1
سقاين,سيمان‌ قائن‌,285,117999,7918439010,69020,69850,67120,-1900,-2.75,67930,-1090,-1.58,66150,69850,5953,11.41,4,3331,66900,67120,496,1
سنوين,سرمايه گذاري اقتصاد نوين,282,4668495,36902769970,7700,7880,7930,230,2.99,7900,200,2.6,7720,7930,796,9.92,3,64000,7920,8520,593,1
كپرور,فرآوري زغال سنگ پروده طبس,281,2388323,35889360650,14520,14600,15130,610,4.2,15030,510,3.51,14250,15240,1204,12.48,1,3000,15110,15240,46590,1
غپاك,لبنيات‌ پاك‌,279,4008617,85704231460,20370,21380,21380,1010,4.96,21380,1010,4.96,21380,21380,47,454.89,54,640842,21380,0,0,0
سفانو,سيمان فارس نو,275,210937,18142330120,86030,89000,87500,1470,1.71,86010,-20,-0.02,85020,89000,11705,7.35,1,2023,86030,87500,2393,1
مارون,پتروشيمي مارون,274,64110,12378382850,192350,188000,191450,-900,-0.47,192450,100,0.05,188000,196400,13630,14.12,10,860,191150,192450,8873,5
لابسا,آبسال‌,273,2736142,26286248540,9180,9270,9630,450,4.9,9610,430,4.68,9270,9630,319,30.13,78,2884202,9630,9630,2020,1
نتوس,پشم‌ بافي‌ توس,269,3617098,38674513420,10620,10310,10930,310,2.92,10690,70,0.66,10310,10930,41,260.73,24,484337,10930,11210,1493,1
دالبر,البرزدارو,268,1687149,15923528930,9110,9660,9390,280,3.07,9320,210,2.31,9240,9660,1082,8.61,1,351,9370,9410,537,1
خراسان,پتروشيمي خراسان,268,112587,20012271700,173310,173010,177400,4090,2.36,174190,880,0.51,173010,179970,27639,6.3,2,505,176830,177440,5289,2
سهرمز,سيمان‌هرمزگان‌,265,2004234,46567213020,22270,22600,23200,930,4.18,23230,960,4.31,21900,23380,2102,11.05,1,4380,23200,23220,1548,1
وثنو,سرمايه گذاري ساختماني نوين,259,13066344,50245644594,3734,3846,3846,112,3,3845,111,2.97,3744,3846,436,8.82,43,3525685,3846,0,0,0
كارام,صنايع سرام آرا,257,1103695,30958644750,27250,28050,28050,800,2.94,28050,800,2.94,28050,28050,-1791,-15.66,476,4101770,28050,0,0,0
وامين,س. امين توان آفرين ساز,256,1816042,26574991200,14610,14200,14690,80,0.55,14620,10,0.07,14200,14960,86,170,1,17710,14580,14870,3210,2
خصدرا,صنعتي‌ دريايي‌ ايران‌,255,10582178,32212149832,3138,3044,3044,-94,-3,3044,-94,-3,3044,3044,92,33.09,1,25000,2355,3044,97807255,979
هجرت,پخش هجرت,252,503953,20099917050,40100,40200,39900,-200,-0.5,39900,-200,-0.5,39500,40400,4063,9.82,2,5062,39850,40200,200,1
وپخش,داروپخش‌ (هلدينگ‌,252,420751,22294342480,51460,49420,54000,2540,4.94,51910,450,0.87,49410,55000,5246,9.9,1,1663,53500,54000,4759,2
شسينا,صنايع‌شيميايي‌سينا,251,5488460,25670694190,4970,4900,4630,-340,-6.84,4680,-290,-5.84,4630,4900,173,27.05,0,0,0,4630,2902268,31
دارو,كارخانجات‌داروپخش‌,251,316319,9763832240,30590,30590,30770,180,0.59,30670,80,0.26,30520,31400,3299,9.3,1,1190,30770,30790,990,1
وهنر,گروه توسعه هنر ايران,247,6277942,19853385139,3194,3116,3165,-29,-0.91,3162,-32,-1,3109,3200,97,32.6,1,25000,3141,3165,18775,2
ساروج,بين المللي ساروج بوشهر,243,195688,7648740850,40150,39000,39450,-700,-1.74,39750,-400,-1,38600,39950,4308,9.23,1,266,39450,39600,2127,2
شفا,سرمايه گذاري شفادارو,240,600041,13921994360,22890,22180,22890,0,0,23060,170,0.74,22180,23690,2128,10.84,1,1155,22890,23170,12600,1
سغرب,سيمان‌غرب‌,240,528374,19048646410,36080,34250,35900,-180,-0.5,36050,-30,-0.08,34250,36480,3895,9.26,2,13535,35900,36000,16112,2
دلر,داروسازي‌ اكسير,239,566956,16432635090,28470,28000,29200,730,2.56,28790,320,1.12,27900,29380,3517,8.19,1,500,29030,29200,1240,1
سيستم,همكاران سيستم,238,1000367,14073570910,14050,14050,14090,40,0.28,14050,0,0,14010,14180,603,23.3,3,6182,14070,14090,13208,1
فجوش,جوش‌ و اكسيژن‌ ايران‌,235,7164586,14388843720,2048,2010,2021,-27,-1.32,2045,-3,-0.15,1987,2030,-78,-26.22,1,49700,2021,2026,4980,1
كلوند,كاشي‌ الوند,234,527575,25774425630,48600,48460,49270,670,1.38,48850,250,0.51,48000,49610,5009,9.75,1,2100,48610,49270,21401,1
بازرگام,پست پيشگامان بادپا,230,2574574,16844512670,6430,6550,6540,110,1.71,6540,110,1.71,6320,6550,0,0,2,6200,6520,6540,82221,5
دهدشت,صنايع پتروشيمي دهدشت,229,2477011,50470979050,20300,19800,20600,300,1.48,20400,100,0.49,19750,20900,-20,-1020,2,89908,20300,20750,14024,3
باران,بيمه زندگي باران,228,5060056,21545412091,4361,4234,4290,-71,-1.63,4258,-103,-2.36,4231,4427,95,44.82,0,0,0,4231,6000,1
ثشرق,سرمايه گذاري مسكن شمال شرق,226,6039216,66370983840,10470,10990,10990,520,4.97,10990,520,4.97,10990,10990,271,40.55,78,2035569,10990,11200,1950,1
غپونه,نوش پونه مشهد,224,996842,14771723370,14650,14400,14900,250,1.71,14820,170,1.16,14110,15180,1119,13.24,2,3270,14650,14980,14691,1
وامير,گروه صنعتي و معدني امير,218,97879,46288565500,461250,474750,474950,13700,2.97,472900,11650,2.53,461500,475050,20705,22.84,1,103,474950,0,0,0
بساما,بيمه سامان,215,1292926,16946886470,12660,13180,13160,500,3.95,13110,450,3.55,12520,13290,466,28.13,2,1799,13150,13280,5000,1
تيپيكو,سرمايه گذاري دارويي تامين,212,586205,18814333080,31310,32290,32000,690,2.2,31450,140,0.45,31630,32500,3065,10.26,1,625,31870,32200,209,1
پرداخت,به پرداخت ملت,211,1100322,15067562210,13450,13000,13990,540,4.01,13530,80,0.59,13000,14100,401,33.74,1,1413,13700,14000,142773,3
ثنام,س ساختماني ب نام آوران مهندسي,210,7005094,12829794994,1846,1800,1860,14,0.76,1836,-10,-0.54,1798,1880,103,17.83,1,28000,1810,1862,30000,1
كاسپين,داروسازي كاسپين تامين,208,425525,9010062750,20950,21500,21300,350,1.67,21150,200,0.95,20650,21550,2340,9.04,2,1000,21000,21350,300,1
حگهر,حمل و نقل گهرترابر سيرجان,205,709695,10182029020,13720,13930,14540,820,5.98,14350,630,4.59,13720,14640,1499,9.57,2,12000,14400,14540,21518,3
فجام,جام‌دارو,205,1300298,9520204960,7160,7070,7360,200,2.79,7260,100,1.4,7070,7510,529,13.72,1,5546,7330,7370,3899,1
وسنا,سرمايه گذاري نيروگاهي ايران,197,1164594,17996897770,15070,15250,15520,450,2.99,15450,380,2.52,15100,15520,278,55.58,32,737485,15520,15600,28200,1
ورازي,بيمه رازي,195,12245862,22850778492,1812,1866,1866,54,2.98,1866,54,2.98,1866,1866,157,11.89,230,36185426,1866,1875,2836,1
ولتجار,واسپاري تجارت وسرمايه ايرانيان,193,9228543,28194070245,3114,3197,3081,-33,-1.06,3055,-59,-1.89,3021,3197,233,13.11,1,120000,3081,3090,125863,1
آرمان,بيمه آرمان,191,2442832,17243900690,6990,6970,7190,200,2.86,7050,60,0.86,6790,7190,104,67.79,58,3623032,7190,0,0,0
فغدير,آهن و فولاد غدير ايرانيان,190,722202,6575295270,8960,9380,9100,140,1.56,9100,140,1.56,8920,9380,664,13.7,1,3951,9060,9130,1000,1
سرود,سيمان‌شاهرود,189,600277,22547056090,36930,36000,36890,-40,-0.11,37560,630,1.71,35020,37980,4964,7.57,3,657,36880,37530,4230,1
وجامي,سرمايه گذاري جامي,186,6128132,19489380030,3124,3084,3217,93,2.98,3180,56,1.79,3084,3217,200,15.9,7,206120,3217,3237,10000,1
غشان,شيرپاستوريزه‌پگاه‌خراسان‌,179,6149977,59285778280,9010,9640,9640,630,6.99,9640,630,6.99,9640,9640,795,12.13,53,1532757,9640,0,0,0
تماوند,تامين سرمايه دماوند,177,1002883,7472605690,7200,7550,7500,300,4.17,7450,250,3.47,7390,7550,637,11.7,1,28405,7500,7550,89000,6
تاتمس,كارخانجات صنعتي وتوليدي اتمسفر,174,124985,17809980400,143600,147900,139300,-4300,-2.99,142650,-950,-0.66,139300,147900,2877,49.58,1,250,122300,139300,1918,5
حشكوه,دليجان طلايي شكوه پارس,171,10402192,84402895330,8350,8100,8100,-250,-2.99,8110,-240,-2.87,8100,8330,152,53.36,0,0,0,8100,17782426,188
سدشت,صنايع سيمان دشتستان,169,219363,11061927400,51000,49630,50090,-910,-1.78,50730,-270,-0.53,49630,51700,2678,18.94,1,6870,49880,50670,452,1
سبجنو,سيمان‌ بجنورد,167,184213,9135006150,49000,51450,50280,1280,2.61,49400,400,0.82,49010,51450,5731,8.62,3,341,50000,50290,5575,1
قصفها,قنداصفهان‌,161,102454,18537002220,190450,180930,180930,-9520,-5,180930,-9520,-5,180930,180930,6105,29.64,0,0,0,180930,1005011,338
ميهن,بيمه ميهن,157,2462464,18065443520,7010,7300,7360,350,4.99,7340,330,4.71,7140,7360,-2607,-2.82,87,4243352,7360,7990,8884,1
فبيرا,بسته‌ بندي‌ ايران‌,156,6957948,20907687312,2947,2996,3005,58,1.97,3005,58,1.97,2931,3005,-201,-14.95,11,1276320,3005,3139,150000,1
غناب,روغن‌ نباتي‌ ناب,147,38973,33787642350,841700,866950,866950,25250,3,842700,1000,0.12,866950,866950,2449,344.1,1,633,866950,876200,7,1
دابور,داروسازي‌ ابوريحان‌,147,316467,7324630010,22430,23000,23200,770,3.43,22740,310,1.38,22140,23540,2673,8.51,1,134,23040,23200,13618,1
سيدكو,سرمايه گذاري توسعه صنايع سيمان,146,1081617,17557660210,16190,16080,16300,110,0.68,16210,20,0.12,16000,16400,2069,7.83,1,9389,16270,16350,9606,3
سباقر,سيمان باقران,141,1069042,25378846150,23100,23700,23750,650,2.81,23750,650,2.81,23350,23750,1292,18.38,16,69684,23750,0,0,0
شفارا,پتروشيمي فارابي,140,1763389,13349502430,7570,7350,7620,50,0.66,7570,0,0,7350,7760,169,44.79,1,20220,7620,7660,1150,1
وفردا,بيمه هوشمند فردا 50% تاديه,138,3261805,4853565840,1533,1488,1488,-45,-2.94,1522,-11,-0.72,1488,1488,41,37.12,0,0,0,1488,89570654,2866
توريل,توكاريل,137,4463349,33152750100,7080,7300,7430,350,4.94,7430,350,4.94,7300,7430,430,17.28,37,3083068,7430,0,0,0
كنور,توسعه معدني و صنعتي صبانور,136,549808,13594020410,24070,24990,24280,210,0.87,24160,90,0.37,24000,25000,1578,15.31,1,3000,24290,24400,7200,1
پسهند,صنايع‌ لاستيكي‌  سهند,136,137611,7453262180,52180,54730,54290,2110,4.04,53210,1030,1.97,53410,54730,5662,9.4,1,1084,54290,54300,3071,2
كباده,توليد خاك نسوزاستقلال آباده,133,812029,11390801100,13730,14000,13870,140,1.02,13910,180,1.31,13850,14130,772,18.02,1,10000,13850,13870,75723,1
قنقش,قند نقش جهان,130,44716,16320098050,374300,385350,363100,-11200,-2.99,366800,-7500,-2,363100,385350,0,0,0,0,0,363100,22035,11
دشيري,شيرين دارو,129,119111,15186652500,131400,127500,127500,-3900,-2.97,128250,-3150,-2.4,127500,127500,6017,21.31,1,433,127500,127500,433,1
ودانا,سرمايه گذاري دانايان,128,3810134,24795412690,6330,6510,6510,180,2.84,6510,180,2.84,6400,6510,1804,3.61,1,44759,6510,6900,20000,1
غمهرا,توليدي‌مهرام‌,124,553137,8649045460,15530,15400,15600,70,0.45,15590,60,0.39,15400,15910,790,19.73,1,350,15590,15600,11236,3
شسم,توليد سموم‌ علف‌ كش,123,34455,9045347950,262250,259000,257100,-5150,-1.96,262500,250,0.1,257050,267450,8829,29.73,2,1196,257050,262750,20,1
سجام,مجتمع سيمان غرب آسيا,123,2141440,6447316575,2998,2914,3020,22,0.73,3002,4,0.13,2912,3078,144,20.85,1,9850,3020,3049,20000,4
بميلا,توسعه سرمايه گذاري ميلاد پارس,122,1255348,16964849730,13340,13590,13480,140,1.05,13510,170,1.27,13340,13740,0,0,1,10000,13410,13680,17744,1
سلار,شركت سيمان لارستان,121,472360,21968488350,45450,46800,46800,1350,2.97,46500,1050,2.31,44150,46800,1542,30.16,1,4362,46550,0,0,0
ما,بيمه  ما,120,3688153,17154549680,4337,4640,4750,413,9.52,4651,314,7.24,4640,4750,515,9.03,1,2648,4690,4690,14400,1
آبين,كشت و صنعت آبشيرين,119,2425533,20228945220,8590,8340,8340,-250,-2.91,8340,-250,-2.91,8340,8340,113,73.81,0,0,0,8340,29818390,303
سكرما,سيمان‌ كرمان‌,118,368314,9271203690,24960,24120,25210,250,1,25090,130,0.52,24120,25800,3372,7.44,1,200,25250,25600,5387,2
پلوله,گازلوله‌,113,495619,19914849250,39750,40000,40150,400,1.01,40200,450,1.13,39800,40800,3816,10.53,3,245251,40000,40600,1036,1
قاروم,قند اروميه,112,129951,20149583450,151700,148900,156250,4550,3,155050,3350,2.21,148900,156250,2941,52.72,4,6230,156250,158000,2000,1
كيا,كيا الكترود شرق,111,435935,7147277160,16120,16810,16360,240,1.49,16400,280,1.74,16000,16840,493,33.27,1,500,16000,16370,2000,1
وايرا,سرمايه گذاري صنايع ايران,110,4574136,15691735814,3463,3565,3360,-103,-2.97,3439,-24,-0.69,3360,3565,119,28.9,0,0,0,3360,9627731,105
شساخت,مهندسي و ساختمان صنايع نفت,109,291099,14793853100,49500,49000,50950,1450,2.93,49900,400,0.81,49000,50950,1289,38.71,27,240492,50950,55200,7390,1
سفارود,كارخانه فارسيت درود,106,775572,10344186120,12980,13310,13200,220,1.69,13340,360,2.77,13160,13360,-584,-22.84,1,91905,13200,13330,10419,1
غفارس,شير پاستوريزه پگاه فارس,106,1266062,21966175700,16530,17350,17350,820,4.96,17350,820,4.96,17350,17350,1010,17.18,91,5200820,17350,0,0,0
لپيام,گسترش صنايع پيام,106,392084,16256086650,40300,41500,41500,1200,2.98,41200,900,2.23,41000,41500,373,110.46,10,95349,41500,0,0,0
وحافظ,بيمه حافظ,105,6415660,30031704460,4545,4681,4681,136,2.99,4681,136,2.99,4681,4681,113,41.42,25,2972913,4681,0,0,0
ساراب,سيمان‌ داراب‌,104,72330,2321504030,31810,31580,31880,70,0.22,31850,40,0.13,31280,32470,3182,10.01,2,713,31860,32340,250,1
تپولا,مهندسي مرآت پولاد,100,327375,7659138400,22800,23450,23450,650,2.85,23000,200,0.88,23050,23450,-248,-92.74,1,2150,23350,0,0,0
فماك,ماداكتو استيل كرد,100,1152334,19300947410,15970,16570,16760,790,4.95,16750,780,4.88,16450,16760,-177,-94.63,1,3450,16760,17150,1000,1
كساوه,صنايع‌ كاشي‌ و سراميك‌ سينا,98,94659,7440437730,77350,76100,78010,660,0.85,77910,560,0.72,76100,79890,6241,12.48,1,127,78020,79150,832,1
ثزاگرس,سرمايه گذاري توسعه عمران زاگرس,87,252945,9260254600,37700,36600,36600,-1100,-2.92,37200,-500,-1.33,36600,36800,-393,-94.66,0,0,0,36600,6000,2
دپارس,پارس‌ دارو,87,114091,6905921270,59680,59950,60550,870,1.46,59940,260,0.44,59950,61400,4257,14.08,1,2825,60200,60550,285,1
گپارس,امور رفاهي كارگزاران پارس,87,53740,8133114850,151700,156050,155350,3650,2.41,151550,-150,-0.1,147600,156250,481,315.07,1,500,148650,154000,700,1
شمواد,توليد مواداوليه الياف مصنوعي,84,192545,19437417750,98050,100950,100950,2900,2.96,100800,2750,2.8,100950,100950,10481,9.62,29,321010,100950,0,0,0
شكبير,پتروشيمي اميركبير,84,142331,14858825250,101800,104750,101700,-100,-0.1,102200,400,0.39,101650,104850,11750,8.7,2,2364,100600,104500,12470,1
قجام,فرآوردههاي غذايي وقندتربت‌جام‌,82,2519410,22422749000,9170,8900,8900,-270,-2.94,8900,-270,-2.94,8900,8900,0,0,0,0,0,8900,3870981,111
دحاوي,الحاوي,80,646225,10927664750,16420,16910,16910,490,2.98,16680,260,1.58,16910,16910,1924,8.67,38,1686676,16910,0,0,0
دقاضي,داروسازي شهيد قاضي,80,543835,12937938000,23150,23000,23800,650,2.81,23550,400,1.73,23000,23800,2770,8.5,16,363806,23800,26100,7411,1
داراب,پتروشيمي داراب,75,3769706,5213503398,1343,1383,1383,40,2.98,1353,10,0.74,1383,1383,18,75.17,76,9708610,1383,0,0,0
خعمرا,توسعه و عمران شهرستان نائين,74,2127777,24235380030,11740,11390,11390,-350,-2.98,11390,-350,-2.98,11390,11390,83,137.23,0,0,0,11390,7204113,193
ممسني,پتروشيمي ممسني,74,1308604,27848980200,20700,20650,21300,600,2.9,21300,600,2.9,20650,21300,-10,-2130,13,1342718,21300,0,0,0
وارس,سرمايه گذاري ارس صبا,68,3634063,94123094200,25850,25850,26600,750,2.9,25900,50,0.19,25550,26600,2470,10.49,9,857381,26600,0,0,0
خفناور,مهندسي صنعتي روان فن آور,67,372541,13523238300,35250,36300,36300,1050,2.98,35900,650,1.84,36300,36300,507,70.81,20,334054,36300,36400,5000,1
ثاصفا,شركت‌ ساختمان‌ اصفهان‌,64,2204802,48615884100,22700,22050,22050,-650,-2.86,22050,-650,-2.86,22050,22050,-84,-262.5,0,0,0,22050,1197748,64
شكف,كف,63,142590,5553880500,39700,38950,38950,-750,-1.89,39250,-450,-1.13,38950,38950,-2842,-13.81,0,0,0,38950,264717,12
بتك,كارخانجات كابل سازي‌ تك‌,62,20644,6187368400,304100,298050,298100,-6000,-1.97,301300,-2800,-0.92,298050,310100,636,473.74,1,54,298100,309750,250,1
وبرق,س.کارکنان صنعت برق زنجان وقزوي,59,144151,8043625800,54200,55800,55800,1600,2.95,54800,600,1.11,55800,55800,20702,2.65,468,11668266,55800,0,0,0
سخواف,سيمان مجد خواف,58,1919063,3037876729,1537,1583,1583,46,2.99,1583,46,2.99,1583,1583,-4,-395.75,544,87230660,1583,0,0,0
فافق,صنايع مس افق كرمان,58,2295086,15950847700,6750,6950,6950,200,2.96,6950,200,2.96,6950,6950,683,10.18,29,3341274,6950,0,0,0
قتربت,قند تربت حيدريه,57,369805,9037043100,24850,25550,24150,-700,-2.82,24650,-200,-0.8,24150,25550,441,55.9,0,0,0,24150,739840,71
خفولا,خدمات فني فولاد يزد,56,162307,6021589700,38200,37100,37100,-1100,-2.88,37850,-350,-0.92,37100,37100,159,238.05,0,0,0,37100,11148736,193
گكوثر,هتل پارسيان كوثر اصفهان,55,832724,1830327352,2094,2198,2198,104,4.97,2106,12,0.57,2198,2198,100,21.06,1349,163966978,2198,0,0,0
ساذري,آذريت‌,53,281642,3129042620,10790,11110,11110,320,2.97,10840,50,0.46,11110,11110,27,401.48,43,1465482,11110,0,0,0
ولراز,ليزينگ رازي,51,298585,12719721000,41400,42600,42600,1200,2.9,42600,1200,2.9,42600,42600,-406,-104.93,66,1161364,42600,0,0,0
آينده,بازرگاني آينده سازان بهشت پارس,50,1100535,9310526100,8630,8460,8460,-170,-1.97,8460,-170,-1.97,8460,8460,-829,-10.21,1,12391,8070,8460,2030784,106
ولقمان,سرمايه گذاري لقمان,49,3151212,20325317400,6270,6450,6450,180,2.87,6440,170,2.71,6450,6450,561,11.48,75,7169511,6450,0,0,0
دفرا,فرآورده‌هاي‌ تزريقي‌ ايران‌,48,63843,2094205200,32780,33390,32970,190,0.58,32780,0,0,32600,33390,3812,8.6,1,167,32850,32970,454,1
كصدف,كاشي صدف سرام استقلال آباده,46,263610,8435520000,31100,32000,32000,900,2.89,31450,350,1.13,32000,32000,1925,16.34,29,719375,32000,32700,10000,1
سپرمي,پرميت‌,46,113543,4995892000,43600,44000,44000,400,0.92,44000,400,0.92,44000,44000,970,45.36,13,45130,44000,0,0,0
گكيش,توريستي ورفاهي آبادگران كيش,44,157070,4342985500,28500,27650,27650,-850,-2.98,28300,-200,-0.7,27650,27650,287,98.61,0,0,0,27650,1958758,176
ثتوسا,س.توسعه و عمران استان اردبيل,43,303866,7459910300,23850,24550,24550,700,2.94,24550,700,2.94,24550,24550,-120,-204.58,29,496193,24550,0,0,0
ولانا,شركت ليزينگ آريا دانا,42,449270,17768628500,38400,39550,39550,1150,2.99,39350,950,2.47,39550,39550,582,67.61,92,1567456,39550,0,0,0
بهير,س. توسعه تجارت هيرمند,42,337548,4060702440,11680,12030,12030,350,3,12030,350,3,12030,12030,164,73.35,117,6395397,12030,0,0,0
وآتوس,توسعه س. كشاورزي آرين توسكا,38,52105,16884625250,314650,324050,324050,9400,2.99,321800,7150,2.27,324050,324050,-504,-638.49,105,271028,324050,0,0,0
فكمند,گسترش قطعه سازي كمند,37,480460,19626791000,39700,40850,40850,1150,2.9,39850,150,0.38,40850,40850,52,766.35,18,520065,40850,0,0,0
فن آوا,گروه فن آوا,36,1198817,8115991090,6970,6770,6770,-200,-2.87,6890,-80,-1.15,6770,6770,274,25.15,1,7600,6600,6770,6747972,210
وملت,سرمايه گذاري ملت,36,884539,3301984087,3660,3733,3733,73,1.99,3733,73,1.99,3733,3733,29,128.72,80,10116669,3733,0,0,0
كاريز,بيمه زندگي كاريزما50%تاديه,34,1217636,2650793572,2114,2177,2177,63,2.98,2177,63,2.98,2177,2177,161,13.52,491,46916120,2177,0,0,0
خليبل,ماليبل سايپا,32,169727,5634936400,32250,33200,33200,950,2.95,32500,250,0.78,33200,33200,-1,-32500,46,246201,33200,34550,1537,1
ومشان,س. فني و مهندسي مشانير,29,114973,25587241150,229400,222550,222550,-6850,-2.99,222550,-6850,-2.99,222550,222550,859,259.08,0,0,0,222550,83709,55
قيستو,شركت قند بيستون,28,107950,3173730000,30300,29400,29400,-900,-2.97,30150,-150,-0.5,29400,29400,701,43.01,0,0,0,29400,402216,26
لازما,كارخانه هاي صنعتي آزمايش,26,127454,4065782600,31300,31900,31900,600,1.92,31900,600,1.92,31900,31900,203,157.14,44,5962302,31900,0,0,0
لخانه,لوازم‌ خانگي‌ پارس‌,26,150743,4665495850,31900,30950,30950,-950,-2.98,31650,-250,-0.78,30950,30950,82,385.98,0,0,0,30950,297815,27
ثقزوي,شركت عمران و سازندگي قزوين,26,306809,4712586240,15830,15360,15360,-470,-2.97,15710,-120,-0.76,15360,15360,245,64.12,0,0,0,15360,2287000,154
وثخوز,سرمايه گذاري و توسعه خوزستان,23,58089,2256757650,37750,38850,38850,1100,2.91,37850,100,0.26,38850,38850,2841,13.32,28,1236156,38850,0,0,0
فبستم,صنايع ‌بسته‌بندي‌ مشهد,22,242635,3018379400,12820,12440,12440,-380,-2.96,12760,-60,-0.47,12440,12440,104,122.69,0,0,0,12440,893394,59
وتوسكا,سرمايه گذاري توسعه توكا,22,244059,2123313300,8450,8700,8700,250,2.96,8700,250,2.96,8700,8700,1956,4.45,372,6997461,8700,0,0,0
تشتاد,صنايع توليدي اشتاد ايران‌,20,436173,3284382690,7760,7530,7530,-230,-2.96,7730,-30,-0.39,7530,7530,20,386.5,0,0,0,7530,2561629,90
سمتاز,سيمان ممتازان كرمان,20,33005,1678450500,51000,50900,50900,-100,-0.2,51000,0,0,50650,50900,5482,9.3,1,1000,50700,50900,9882,1
فنرژي,گسترش صنايع انرژي آذرآب,19,87047,3198977250,37500,36750,36750,-750,-2,37250,-250,-0.67,36750,36750,-4948,-7.53,0,0,0,36750,811946,58
شتولي,تولي‌پرس‌,17,107901,2314476450,21050,21450,21450,400,1.9,21150,100,0.48,21450,21450,-705,-30,8,369172,21450,0,0,0
تابا,تابان نيرو سپاهان,16,59677,2055872650,35500,34450,34450,-1050,-2.96,35400,-100,-0.28,34450,34450,43,823.26,0,0,0,34450,419701,50
ثعتما,س. ساختماني اعتماد گستر,10,63773,918331200,14690,14400,14400,-290,-1.97,14660,-30,-0.2,14400,14400,109,134.5,0,0,0,14400,1831359,77
سي تيپ2ن41,گواهي سيمان تيپ2بوكان(ن),10,515000,4381620000,8508,8508,8508,0,0,8508,0,0,8508,8508,0,0,0,0,0,8508,720000,1
كمينا,شيشه سازي مينا,10,47680,632236800,13670,13260,13260,-410,-3,13660,-10,-0.07,13260,13260,-96,-142.29,0,0,0,13260,13650760,197
كهرام,توليدي گرانيت بهسرام,10,12802,665063900,53000,51950,51950,-1050,-1.98,52950,-50,-0.09,51950,51950,-2598,-20.38,0,0,0,51950,969825,184
رفاه,فروشگاه هاي زنجيره اي رفاه,10,1793,619571150,356200,345550,345550,-10650,-2.99,356100,-100,-0.03,345550,345550,34966,10.18,0,0,0,345550,236921,80
بايكا,كارخانجات كابلسازي ‌ايران‌,9,5638,103119020,17760,18290,18290,530,2.98,17760,0,0,18290,18290,105,169.14,54,1883948,18290,0,0,0
وآفر,سرمايه گذاري ارزش آفرينان,9,128601,2211937200,16700,17200,17200,500,2.99,16710,10,0.06,17200,17200,6880,2.43,84,8345540,17200,0,0,0
فسديد,لوله‌وتجهيزات‌ سديد - ورشكسته,7,52741,5031491400,94500,95400,95400,900,0.95,95400,900,0.95,95400,95400,-10614,-8.99,16,189277,95400,0,0,0
پشاهن,توليدي پلاستيك‌ شاهين,7,8099,587582450,70450,72550,72550,2100,2.98,70500,50,0.07,72550,72550,1625,43.38,10,60581,72550,0,0,0
سي تيپ2ن17,گواهي سيمان تيپ2ماهان كرمان(ن),5,124000,1264676000,10199,10199,10199,0,0,10199,0,0,10199,10199,0,0,0,0,0,10199,876000,1
خبهمن2,گروه‌بهمن‌,4,47570227,121304078850,2473,2550,2550,77,3.11,2550,77,3.11,2550,2550,52,49.04,0,0,0,0,0,0
سي تيپ2ن24,گواهي سيمان تيپ2هگمتان(ن),4,85000,676005000,7953,7953,7953,0,0,7953,0,0,7953,7953,0,0,1,36000,7197,7953,915000,10
شليا,شركت مواد ويژه ليا,4,7625,475800000,64300,62400,62400,-1900,-2.95,64250,-50,-0.08,62400,62400,107,600.47,0,0,0,62400,103960,24
كابگن,توليدي و صنعتي آبگينه‌,3,29006,230597700,7800,7950,7950,150,1.92,7810,10,0.13,7950,7950,2388,3.27,0,0,0,0,0,0
توسن2,توسعه سامانه ي نرم افزاري نگين,3,29900000,568100000000,18890,19000,19000,110,0.58,19000,110,0.58,19000,19000,957,19.85,0,0,0,0,0,0
سخاش2,سيمان‌خاش‌,3,1115400,99872916000,90450,89540,89540,-910,-1.01,89540,-910,-1.01,89540,89540,11611,7.71,0,0,0,0,0,0
سي تيپ2ن31,گواهي سيمان تيپ2گيلان سبز(ن),3,100000,766100000,7661,7661,7661,0,0,7661,0,0,7661,7661,0,0,1,42000,7661,0,0,0
وگردش2,بانك گردشگري,2,66670705,698708988400,10480,10480,10480,0,0,10480,0,0,10480,10480,452,23.19,0,0,0,0,0,0
سي تيپ2ن02,گواهي سيمان تيپ2صوفيان(ن),2,40000,412000000,10300,10300,10300,0,0,10300,0,0,10300,10300,0,0,0,0,0,10300,1960000,1
سيتا2,سرمايه گذاري سيمان تامين,2,13607558,219081683800,16170,16100,16100,-70,-0.43,16100,-70,-0.43,16100,16100,1458,11.04,0,0,0,0,0,0
شغدير2,پتروشيمي غدير,2,2050000,197275000000,94140,95500,97000,2860,3.04,96232,2092,2.22,95500,97000,8660,11.11,0,0,0,0,0,0
سي تيپ2ن19,گواهي سيمان تيپ2غرب آسيا(ن),2,121000,732897000,6057,6057,6057,0,0,6057,0,0,6057,6057,0,0,0,0,0,6057,1496000,1
وپاسار2,بانك  پاسارگاد,2,526037424,1767485744640,3263,3360,3360,97,2.97,3360,97,2.97,3360,3360,721,4.66,0,0,0,0,0,0
شپنا2,پالايش نفت اصفهان,1,20900000,200013000000,9570,9570,9570,0,0,9570,0,0,9570,9570,1462,6.55,0,0,0,0,0,0
فايرا2,آلومينيوم‌ايران‌,1,87000000,800400000000,9100,9200,9200,100,1.1,9200,100,1.1,9200,9200,732,12.57,0,0,0,0,0,0
سي تيپ2ن11,گواهي سيمان تيپ2دورود(ن),1,32000,271488000,8484,8484,8484,0,0,8484,0,0,8484,8484,0,0,0,0,0,8484,1768000,9
وسپه2,سرمايه‌گذاري‌ سپه‌,1,5830000,34980000000,5930,6000,6000,70,1.18,6000,70,1.18,6000,6000,1036,5.79,0,0,0,0,0,0
سي تيپ2ن23,گواهي سيمان تيپ2فراز(ن),1,55000,394735000,7177,7177,7177,0,0,7177,0,0,7177,7177,0,0,0,0,0,7177,445000,1
شگل2,گلتاش‌,1,6200000,49724000000,8020,8020,8020,0,0,8020,0,0,8020,8020,520,15.42,0,0,0,0,0,0
شخارك2,پتروشيمي‌ خارك‌,1,1100000,74162000000,66600,67420,67420,820,1.23,67420,820,1.23,67420,67420,6412,10.51,0,0,0,0,0,0
شدوص2,دوده‌ صنعتي‌ پارس‌,1,2700000,48465000000,17670,17950,17950,280,1.58,17950,280,1.58,17950,17950,1927,9.31,0,0,0,0,0,0
سي تيپ2ن08,گواهي سيمان تيپ 2زنجان(ن),1,11000,91267000,8297,8297,8297,0,0,8297,0,0,8297,8297,0,0,0,0,0,8297,2089000,1
سي تيپ2ن29,گواهي سيمان تيپ2فيروزكوه(ن),1,50000,339700000,6794,6794,6794,0,0,6794,0,0,6794,6794,0,0,0,0,0,6794,1110000,1
جخوز0000,آتي فخوز-1402/03/02,1,1,204795,4428,4625,4625,197,4.45,4630,202,4.56,4625,4625,0,0,0,0,0,0,0,0
سي تيپ2ن01,گواهي سيمان تيپ 2 فارس(ن),1,20000,228120000,11406,11406,11406,0,0,11406,0,0,11406,11406,0,0,0,0,0,11406,780000,8
شاملا2,معدني‌ املاح‌  ايران‌,1,2300000,48622000000,20140,21140,21140,1000,4.97,21140,1000,4.97,21140,21140,1419,14.9,0,0,0,0,0,0
سي تيپ2ن07,گواهي سيمان تيپ 2تهران(ن),1,20000,186780000,9339,9339,9339,0,0,9339,0,0,9339,9339,0,0,0,0,0,9339,80000,1
سي تيپ2ن12,گواهي سيمان تيپ2خزر(ن),1,10000,74230000,7423,7423,7423,0,0,7423,0,0,7423,7423,0,0,0,0,0,7423,1390000,5
غزر2,صنعتي زر ماكارون,1,23000000,101200000000,4281,4400,4400,119,2.78,4400,119,2.78,4400,4400,451,9.76,0,0,0,0,0,0
جستا0006,آتي شستا-1402/02/31,1,1,18782,1395,1409,1409,14,1,1415,20,1.43,1409,1409,0,0,0,0,0,0,0,0
بپاس2,بيمه پاسارگاد,1,80000000,1788000000000,21650,22350,22350,700,3.23,22350,700,3.23,22350,22350,572,39.07,0,0,0,0,0,0
جستا0007,آتي شستا-1402/03/02,1,2,37619,1334,1410,1410,76,5.7,1418,84,6.3,1410,1410,0,0,0,0,0,0,0,0
غدشت2,دشت‌ مرغاب‌,1,6000000,205800000000,33770,34300,34300,530,1.57,34300,530,1.57,34300,34300,409,83.86,0,0,0,0,0,0
وتجارت2,بانك تجارت,1,100000000,252000000000,2466,2520,2520,54,2.19,2520,54,2.19,2520,2520,206,12.23,0,0,0,0,0,0
سي تيپ2ن32,گواهي سيمان تيپ2هرمزگان(ن),1,25000,250425000,10017,10017,10017,0,0,10017,0,0,10017,10017,0,0,0,0,0,10017,475000,1
سي تيپ2ن37,گواهي سيمان تيپ2شمال(ن),1,21000,182679000,8699,8699,8699,0,0,8699,0,0,8699,8699,0,0,0,0,0,8699,608000,1
نبروج,نساجي بروجرد,0,0,0,8450,8610,8450,0,0,8450,0,0,0,0,290,29.14,26,835646,8610,0,0,0
كورز,ورزيران‌,0,0,0,7130,7340,7130,0,0,7130,0,0,0,0,106,67.26,140,4977301,7340,0,0,0
سي تيپ2ن03,گواهي سيمان تيپ2اروميه(ن),0,0,0,7455,0,7455,0,0,7455,0,0,0,0,0,0,1,10000,8328,0,0,0
سي تيپ2ن20,گواهي سيمان تيپ2كوير كاشان(ن),0,0,0,8873,0,8873,0,0,8873,0,0,0,0,0,0,0,0,0,9588,100000,1
سايرا,ايرانيت‌,0,0,0,50650,51650,50650,0,0,50650,0,0,0,0,22971,2.2,43,532682,51650,0,0,0
سي تيپ2ن38,گواهي سيمان تيپ2مازندران(ن),0,0,0,8413,0,8413,0,0,8413,0,0,0,0,0,0,0,0,0,8413,1430000,1
حرهشا,رهشاد سپاهان (سهامي عام,0,0,0,169450,174500,173700,0,0,169450,0,0,0,0,-625,-271.12,48,367230,174500,0,0,0
تكنار,مجتمع معادن مس تكنار,0,0,0,65900,67850,65900,0,0,65900,0,0,0,0,1519,43.38,63,1218067,67850,0,0,0
دتهران‌,داروسازي‌ تهران‌ دارو,0,0,0,2000,0,2000,0,0,2000,0,0,0,0,1301,1.54,19,1273795,2040,0,0,0
سي تيپ2ن30,گواهي سيمان تيپ2كرمان(ن),0,0,0,10318,0,10318,0,0,10318,0,0,0,0,0,0,2,50000,10956,0,0,0
سي تيپ2ن15,گواهي سيمان تيپ2قاين(ن),0,0,0,7077,0,7077,0,0,7077,0,0,0,0,0,0,0,0,0,7079,700000,7
سي تيپ2ن05,گواهي سيمان تيپ 2خاش(ن),0,0,0,8963,0,8963,0,0,8963,0,0,0,0,0,0,0,0,0,8963,962000,1
سي تيپ2ن06,گواهي سيمان تيپ 2شاهرود(ن),0,0,0,9756,0,9756,0,0,9756,0,0,0,0,0,0,0,0,0,9756,1000000,1
سي تيپ2ن04,گواهي سيمان تيپ2فارس نو(ن),0,0,0,11858,0,11858,0,0,11858,0,0,0,0,0,0,0,0,0,11858,600000,6
جهرم,پتروشيمي جهرم,0,0,0,1213,1249,1241,0,0,1213,0,0,0,0,-7,-173.29,180,27366508,1249,0,0,0
سي تيپ2ن09,گواهي سيمان تيپ 2خوزستان(ن),0,0,0,9469,0,9469,0,0,9469,0,0,0,0,0,0,0,0,0,9454,1700000,1
سي تيپ2ن13,گواهي سيمان تيپ2بجنورد(ن),0,0,0,6565,0,6565,0,0,6565,0,0,0,0,0,0,0,0,0,6895,2500000,1
چنوپا,نيوپان‌ 22 بهمن‌,0,0,0,66850,68850,66850,0,0,66850,0,0,0,0,474,141.03,53,362371,68850,0,0,0
فسا,پتروشيمي فسا,0,0,0,1046,1077,1074,0,0,1046,0,0,0,0,48,21.79,250,40740040,1077,0,0,0
شگامرن,مجتمع پترو صنعت گامرون,0,0,0,731300,765350,710000,0,0,731300,0,0,0,0,1867,391.7,0,0,0,765350,301,1
نشار,كارخانجات پشمبافي افشار يزد,0,0,0,1,0,1,0,0,1,0,0,0,0,3117,0,15,1500000,1,0,0,0
سي تيپ2ن34,گواهي سيمان تيپ2ممتازان(ن),0,0,0,10934,0,10934,0,0,10934,0,0,0,0,0,0,3,63000,10934,0,0,0
سي تيپ2ن10,گواهي سيمان تيپ 2غرب(ن),0,0,0,8610,0,8610,0,0,8610,0,0,0,0,0,0,0,0,0,9418,200000,2
غگز,گز سكه,0,0,0,4995,5244,5117,0,0,4995,0,0,0,0,198,25.23,48,2250566,5244,6130,20000,1
سي تيپ2ن25,گواهي سيمان تيپ2نهاوند(ن),0,0,0,8729,0,8729,0,0,8729,0,0,0,0,0,0,0,0,0,8729,1308000,1
شتهران,داروسازي تهران شيمي,0,0,0,23200,23650,23200,0,0,23200,0,0,0,0,1364,17.01,44,1378763,23650,0,0,0
سي تيپ2ن14,گواهي سيمان تيپ2ساوه(ن),0,0,0,9551,0,9551,0,0,9551,0,0,0,0,0,0,0,0,0,9551,3000000,1
سي تيپ2ن33,گواهي سيمان تيپ2ساروج بوشهر(ن),0,0,0,9924,0,9924,0,0,9924,0,0,0,0,0,0,0,0,0,10048,1087000,1
تفيرو,مهندسي فيروزا,0,0,0,40750,41950,40750,0,0,40750,0,0,0,0,12081,3.37,18,227424,41950,0,0,0
ثاژن,سخت آژند,0,0,0,6170,6290,6270,0,0,6170,0,0,0,0,-173,-35.66,23,1219325,6290,0,0,0
